ID:1156さん,Ruby|Redis|Rails|MySQL|jQuery|JavaScript|Elasticsearch|bootstrap|AWS,Speee+ゴッド級+承諾
ID:784さん,statistics|MachineLearning|Java,Retty+ウィザード級+承諾|Speee+ゴッド級+承諾
ID:1488さん,iOS|Swift2.0|Objective-C,Sansan+スター級+辞退|VASILY+ゴッド級1位+承諾|ヤフー+スター級+未返答|ペロリ+ゴッド級+未返答|Speee+ゴッド級1位+辞退
ID:1256さん,S3|Ruby|route53|Redis|RDS|Node.js|MySQL|fluentd|ElasticBeanstalk|EC2|DynamoDB|docker|common-lisp|chef|Ansible|ElasticLoadBarancer|Ruby on Rails|sketch,サイバーエージェント（ゲーム事業）+ノーマル級+辞退|フリークアウト+ウィザード級+辞退|Retty+スター級+辞退|Speee+ゴッド級+辞退
ID:836さん,Perl|MySQL|Memcached|JavaScript|Apache|CPAN|Swift|S3|Ruby|Redis|Realm|RDS|opsworks|Objective-C|Java|iOS|ImageMagick|ffmpeg|EC2|CloudWatch|chef|AWS|Android|Ruby on Rails|RxSwift|Sidekiq|スクラム,Speee+ウィザード級+辞退|サイバーエージェント（ゲーム事業）+ノーマル級+辞退|Sansan+プチリッチ級+辞退|フリークアウト+プチリッチ級+未返答|ヤフー+スター級+辞退|freee+プチリッチ級+辞退|ディー・エヌ・エー+ウィザード級+辞退|リクルートライフスタイル+ウィザード級+承諾
ID:964さん,Ruby|Rails4|PostgreSQL|Maven|JavaScript|Java|GitLab|Git|CoffeeScript|CentOS|capistrano|Backbone.js|Ruby on Rails|SQL|spring|solr|Seasar2|S3|RESTful|rails3|OAuth|jersey|JAX-RS|AWS|SAstruts,フリークアウト+ウィザード級+承諾|サイバーエージェント（ゲーム事業）+ノーマル級+辞退|Speee+ウィザード級+承諾|Sansan+スター級+承諾|リクルートライフスタイル+ウィザード級+承諾
ID:458さん,scrum|Android|jQuery|JavaScript|iOS|FuelPHP|AWS|Kotlin,Speee+ウィザード級+未返答|VASILY+スター級+未返答|Retty+スター級+承諾|freee+プチリッチ級+辞退|ディー・エヌ・エー+ウィザード級+未返答|ペロリ+ウィザード級+未返答|リクルートライフスタイル+ウィザード級+未返答
ID:1664さん,Perl|iOS|Android|Rails4|Java,Sansan+スター級+未返答|フリークアウト+プチリッチ級+辞退|Speee+ウィザード級+辞退|Retty+プチリッチ級+辞退|ヤフー+プチリッチ級+辞退|ペロリ+スター級+未返答|リクルートライフスタイル+スター級+辞退
ID:220さん,Swift|Ruby|Rails|Objective-C|Node.js|Linux|JavaScript|iOS|Python|PHP|Perl|Java|flash,Sansan+スター級+承諾|フリークアウト+プチリッチ級+承諾|BASE+スター級+承諾|Retty+ウィザード級+承諾|ミクシィ+プチリッチ級+承諾|ヤフー+スター級+承諾|リクルートライフスタイル+ウィザード級+承諾|Speee+ウィザード級+承諾
ID:80さん,Ruby|Rails|PostgreSQL|MessagePack|JavaScript|haml|CoffeeScript|AWS|agile|Terraform|lambda|docker|ES2015|scrum|XP|Solaris|Java|C|Tuxedo|OracleDB|WebLogic,Speee+ウィザード級+辞退
ID:1216さん,vue.js|Trello|slim|Sass|S3|Redis|RDS|Rails4|MySQL|Hubot|EC2|CoffeeScript|chatwork|Capybara|capistrano|aws-cli|AWS|angular.js|ElasticLoadBarancer|Ruby on Rails|PivotalTracker|VBA|Python|nginx|Memcached|Django|Apache|sqs|Objective-C|CocoaPods|wowza|Pub/SubServer|HLS|H.264,フリークアウト+プチリッチ級+承諾|Speee+スター級+辞退|Retty+スター級+辞退|ディー・エヌ・エー+スター級+承諾|Sansan+スター級+辞退|ミクシィ+プチリッチ級+辞退|ペロリ+ウィザード級+辞退|リブセンス+プチリッチ級+承諾|リクルートライフスタイル+スター級+承諾
ID:1550さん,Swift|Objective-C|Java|iOS|Android|websocket|Redmine|Node.js|C|JavaScript|HTML5|grunt|C#|Backbone.js|Azure|iBeacon,Sansan+プチリッチ級1位+承諾|リクルートライフスタイル+ウィザード級+承諾
ID:596さん,Socket.io|Redis|Node.js|nginx|MongoDB|Linux|jQuery|JavaScript|ImageMagick|HTML5|GoogleMapsAPI|GitBucket|Git|CSS3|CentOS|YOLP|vue.js|stylus|MySQL|mocha|JMeter|Jade|gulp|CoffeeScript|browserify|bootstrap|Primus.IO|Xcode|Smarty|Slack|Redmine|PHP|PhantomJS|Mackerel|GoogleAnalytics|fluentd|ECMAScript|babel|Apache|ApacheBench|Vegeta|GitHub|AWS|AngularJS|AmazonLinux|PostCSS,フリークアウト+プチリッチ級+辞退|Retty+スター級+辞退|freee+プチリッチ級+辞退|リクルートライフスタイル+ウィザード級+承諾
ID:750さん,scikit-learn|Python|numpy|GPGPU|CUDA|C++,Sansan+ウィザード級+未返答
ID:1506さん,zabbix|VyOS|VPN|SNS|ShellScript|Security|S3|RDS|postfix|nginx|MySQL|Munin|Linux|lambda|Jenkins|GlusterFS|fluentd|EC2|dns|CloudWatch|CloudFront|CloudFormation|chef|aws-cli|AWS|Apache|ElasticLoadBarancer|SES|Elasticache|WAF|CloudTrail|AWSConfig|ConsolidatedBilling|IAM|OpenLDAP|OpenAM|DirectConnect|専用線|squid|WordPress|twilio|route53|Rails|kibana3|keepalived|haproxy|Elasticsearch|VMwareESXi|国産クラウド|Openvpn|Cacti|PRIMERGYRX200S7|CiscoASA5500,Retty+スター級+辞退|ディー・エヌ・エー+ウィザード級+辞退
ID:1044さん,Slack|RubyOnRails|RuboCop|Hubot|Heroku|GitHub|Elasticsearch|backlog|AWS|Java|Ruby on Rails,Sansan+スター級+辞退|リブセンス+スター級1位+承諾|Speee+ウィザード級+承諾
ID:270さん,Redis|Rails4|nginx|MySQL|Kibana4|Elasticsearch|Python|PHP|Java|solr|SEO|Perl|analytics|Rails|JavaScript|pentaho,Speee+ウィザード級+承諾
ID:1282さん,Terraform|TDD|Slack|serverspec|scrum|Ruby|RSpec|Redis|Rails4|PostgreSQL|Mackerel|GitHub|gcp|fluentd|consul|CircleCI|chef-solo|centos7|capistrano|bigquery|AWS|agile|Rails5|stretcher,Sansan+スター級+承諾|Speee+ウィザード級+辞退
ID:212さん,Yii|PHP|MySQL|Memcached|JavaScript|Redis|PhpStorm|GitHub|CreateJS|CodeIgniter|AWS|RubyOnRails|RubyMine|Ruby|Kinesis|DynamoDB|Ansible|grape,Retty+ウィザード級+承諾|ペロリ+ウィザード級+承諾
ID:846さん,PHP,Retty+ウィザード級+辞退
ID:1290さん,redshift|Rails4|Node.js|lambda|Java|golang|gcp|DynamoDB|docker|CircleCI|chef|bigquery|AWS|mysql5.6|PHP|Jenkins|FuelPHP|Elasticsearch,フリークアウト+スター級+辞退|Retty+スター級1位+辞退|ナイル(旧:ヴォラーレ)+スター級+辞退|Sansan+スター級+辞退|ペロリ+ウィザード級+未返答|リクルートライフスタイル+ウィザード級+未返答
ID:1632さん,Swift|Ruby|react.js|Rails|Objective-C|Kotlin|Java|Go|es6|Elixir|CoffeeScript|Backbone.js|PhoneGap|JavaScript|iOS|Android,Retty+スター級+未返答|ヤフー+スター級+未返答|ディー・エヌ・エー+ウィザード級+未返答|ペロリ+ウィザード級+未返答|リクルートライフスタイル+ウィザード級+未返答|Speee+ウィザード級+未返答
ID:40さん,Swift2.0|SoftLayer|RubyOnRails|Rails4|PostgreSQL|Objective-C|Node|MySQL|jQuery|Heroku|CoffeeScript|AWS|grape|centos6|unicorn|TreasureData|S3|Redis|RDS|opsworks|nginx|fluentd|EC2|Apache|ApachePassenger|ElasticLoadBarancer|Elasticache|nginx1.9|elasticsearch-kibana|Symfony|PHP|CentOS|prototypejs|Ruby|rails3|awk,Sansan+プチリッチ級+辞退|ペロリ+ウィザード級+辞退
ID:1018さん,websocket|Tomcat|spring-boot|spring|Redis|nginx|MySQL|Memcached|kibana3|jetty|Jenkins|java8|fluentd|Elasticsearch|Ansible|zabbix|Slack|redshift|packer|Node.js|newrelic|MongoDB|Kinesis|Java|Express.js|CloudWatch|AWS|sqs|Apache|ActiveMQ|JMeter|java7,ヤフー+スター級+辞退|ディー・エヌ・エー+ウィザード級+辞退|リクルートライフスタイル+ウィザード級1位+辞退
ID:1164さん,TCP|Redis|Python|MySQL|Django|C#|sqs|TCP/IP|Erlang|Erlang/OTP|Memcached|JavaScript|HTML|CSS|デジタル画像合成|絵文字,BASE+スター級+未返答|ヤフー+スター級+承諾|ミクシィ+プチリッチ級+承諾|ディー・エヌ・エー+スター級+承諾|リクルートライフスタイル+ウィザード級+承諾
ID:1026さん,Python|nginx|MachineLearning|JavaScript|Go|bigquery|AWS,ミクシィ+ノーマル級+未返答|Speee+ウィザード級+未返答|リクルートライフスタイル+スター級+未返答
ID:358さん,Swift|Redis|Perl|nginx|MySQL|Memcached|Linux|Kotlin|JavaScript|Java|XS,フリークアウト+プチリッチ級+承諾|Retty+スター級+承諾|freee+プチリッチ級+承諾|ディー・エヌ・エー+ウィザード級+承諾|リクルートライフスタイル+ウィザード級+承諾
ID:1206さん,機械学習|人工知能|Python|DeepLearning|C++|信号処理|音声処理|matlab|コンピュータビジョン|画像認識,Sansan+ノーマル級+辞退|フリークアウト+ウィザード級1位+承諾|Retty+スター級+辞退|ヤフー+スター級+辞退
ID:1416さん,Ruby|PHP|nginx|MySQL|Memcached|JavaScript|React|Node.js|C++,フリークアウト+ノーマル級+辞退|Retty+ウィザード級+辞退|ヤフー+プチリッチ級+承諾|freee+スター級+承諾|Sansan+ノーマル級+辞退|サイバーエージェント（ゲーム事業）+ノーマル級1位+承諾|リクルートライフスタイル+ウィザード級+承諾
ID:120さん,unicorn|RubyOnRails|Ruby|Redis|nginx|MySQL|Elasticsearch|AWS|Ansible|TwitterBootstrap|ActiveMQ|passenger|Ubuntu|Ruby on Rails|Rails,ペロリ+ウィザード級+辞退|Speee+ウィザード級+辞退
ID:1098さん,Perl|MySQL|Mac|Linux|Jenkins|JavaScript|HTML|CSS|Apache|上に同じ,フリークアウト+プチリッチ級+承諾|freee+プチリッチ級+承諾|リクルートライフスタイル+ウィザード級+承諾
ID:1178さん,Ubuntu|spring|Selenium2|Sass|Jenkins|JavaScript|Java|IntelliJ|googlecomputeengine|GoogleCloudPlatform|docker-compose|docker|Compass|ClosureLibrary|SeleniumGrid|Redis|nginx|Lua|Ansible|Python2|PowerDNS,freee+ノーマル級+未返答|リクルートライフスタイル+ウィザード級+未返答
ID:1578さん,Terraform|Ruby|Redis|Node.js|MongoDB|Memcached|JMeter|itamae|EC2|capistrano|AWS|Rundeck|Windows|redshift|CloudFormation|tableau,サイバーエージェント（ゲーム事業）+ノーマル級+辞退|フリークアウト+ノーマル級+辞退|ヤフー+プチリッチ級+辞退|freee+プチリッチ級+承諾|ディー・エヌ・エー+スター級+承諾|ミクシィ+ノーマル級+辞退|リクルートライフスタイル+スター級+承諾
ID:1586さん,scrum|Scala|Python|Play2|MySQL|Jenkins|Hubot|Haxe|grunt|GitHub|Git|fabric|CoffeeScript|agile|ScalikeJDBC|SkinnyORM|SalaTest|RSpec|knockoutjs|GitLab|Elasticsearch|capistrano|Ruby on Rails|Sinatra|Ruby|Objective-C|iPhone|Subversion|SQLite3|JUnit|Java|Android|npm|Node.js|mocha|JavaScript|Express|JSDoc3,Retty+プチリッチ級+未返答|ヤフー+プチリッチ級+承諾|Sansan+プチリッチ級+未返答|ナイル(旧:ヴォラーレ)+スター級1位+承諾
ID:234さん,Ruby|Rails4|JavaScript|JRuby|JavaFX|Go|Ruby on Rails,Sansan+プチリッチ級+承諾|Speee+スター級+承諾|イグニス+ノーマル級+承諾|リクルートライフスタイル+スター級+承諾
ID:1654さん,PHP|MySQL|mroonga|CodeIgniter|AWS|Swift|Objective-C|Android|spray|Scala|bigquery|Akka|CloudSearch,Speee+スター級+辞退|Retty+プチリッチ級+承諾|freee+ノーマル級+辞退|リクルートライフスタイル+スター級+承諾
ID:1798さん,Zsh|VirtualDom|vagrant|TypeScript|Terminal|SublimeText3|Slack|sketch|scss|Scala|Sass|RESTful|RequireJS|photoshop|Parallels|npm|Node.js|jQuery|jira|jasmine|iTerm2|HTML5|gulp|GitHub|Git|es6|CSS3|confluence|browserify|brew|Brackets|bootstrap|Bash|ATOM|AngularJS|Ajax|LoDash|Subversion|Java|ImageMagick|git-svn|Eclipse|Android|JSON|JavaScript|canvas|prototypejs|jCanvas|coda|PhoneGap|onsenui|ionic|Cordova|bitbucket|animation|angular.js|awesomefont|関数型言語|スクレイピング|WebDriver|Underscore.js|stylus|SQL|SourceTree|Smarty|SEO|Selenium|scraping|Play2|PHP|MySQL|illustrator|Handlebars|grunt|Groovy|GoogleMapsAPI|googleapi|GoogleAnalytics|geo|Geb|cron|CoffeeScript|CodeIgniter|CakePHP|bookmarklet|Backbone.js|AWS|php.|PHP5|スクラム|fulCalendar|fireworks|アジャイル|SMO|EFO|ビットコイン,BASE+スター級+承諾
ID:410さん,RubyOnRails|itamae|golang|Elasticsearch|Ansible|angular.js|PHP|jQuery|FuelPHP|JavaScript|Ruby on Rails,Speee+スター級+辞退|Sansan+プチリッチ級+辞退|リブセンス+プチリッチ級+辞退|リクルートライフスタイル+スター級+承諾
ID:578さん,ZendFramework|vagrant|Terraform|Socket.io|Revel|Redis|PHP|packer|Objective-C|Node.js|nginx|MySQL|JavaScript|golang|gcp|docker|chef|bigquery|Backbone.js|AWS,リクルートライフスタイル+スター級+未返答
ID:692さん,RubyOnRails|Ruby|MySQL|JavaScript|bigquery|AWS|PostgreSQL,Sansan+スター級+未返答
ID:804さん,Symfony|PHP|MySQL|jQuery|Ruby|RSpec|Rails4|nginx|itamae|FactoryGirl|capistrano|bootstrap|angular.js|Rails|Mithril.js,Speee+スター級+辞退|リブセンス+プチリッチ級+承諾
ID:1554さん,RSpec|MySQL|jQuery|Jenkins|capistrano|Ruby on Rails|PHP|Memcached|TokyoTyrant,フリークアウト+プチリッチ級+辞退|Speee+スター級+辞退|ディー・エヌ・エー+スター級+辞退|Sansan+プチリッチ級+辞退|リクルートライフスタイル+スター級+辞退
ID:380さん,MySQL|Linux|Java|AWS|RubyOnRails|Ruby|Objective-C,Speee+スター級+承諾|フリークアウト+プチリッチ級+承諾|VASILY+ノーマル級+辞退|Retty+ノーマル級+辞退|freee+ノーマル級+承諾|イグニス+ノーマル級+承諾
ID:1426さん,機械学習|VisualStudio|samba|S3|MySQL|JavaScript|Java|Hyper-V|hive|GitHub|chatwork|CentOS|C#|backlog|AWS|Windowsserver|aerospike|RaspberryPi|Linux|d3.js|Ajax|chart.js,フリークアウト+ノーマル級+承諾|Retty+プチリッチ級+承諾|リクルートライフスタイル+スター級+承諾
ID:1618さん,TypeScript|Swift|Sass|Python|Java|HTML|CSS3|CSS|Cordova|C++|Javascri,freee+ノーマル級+承諾|リクルートライフスタイル+スター級+承諾
ID:1462さん,C++|C|ActionScript3|Win32API|PHP|負荷分散処理,BASE+ノーマル級+辞退|Retty+プチリッチ級+承諾|リクルートライフスタイル+スター級+承諾
ID:1738さん,VBScript|Subversion|solr|Ruby|Redis|nginx|AWS|Apache|Ruby on Rails|IIS|SQL Server|mysql5.6|ZendFramework|Smarty|PHP5|mysql5.1|Tomcat|Seasar2|oracle|jsf|Java5|spring|MySQL,Sansan+スター級+承諾
ID:162さん,PHP|oracle|C++|riak|haproxy|Erlang,ヤフー+スター級+未返答|リクルートライフスタイル+スター級+未返答
ID:210さん,struts2|oracle|Java|DB2|Swift|Ruby|Redis|rails3|Objective-C|MongoDB|Memcached|Jenkins|capistrano|AWS|Rails4,Speee+スター級+承諾|Sansan+プチリッチ級+承諾
ID:708さん,Ruby|redux|react.js|Rails|vue.js,フリークアウト+プチリッチ級+辞退|freee+ノーマル級+承諾|Sansan+ノーマル級+辞退|リクルートライフスタイル+スター級+承諾
ID:844さん,Vim|solr|Slack|Sensu|Ruby|RDS|nginx|haproxy|GitHub|fluentd|docker|AWS|PagerDuty|OpenResty|Ruby on Rails|zabbix|PHP|Nagios|MySQL|CodeIgniter|CentOS|Apache|centos6,freee+プチリッチ級+辞退|Sansan+スター級+辞退|Speee+スター級+辞退|リクルートライフスタイル+スター級+承諾
ID:1562さん,S3|Ruby|Redis|PHP|newrelic|MySQL|mroonga|Memcached|Java|GitHub|docker|Datadog|CircleCI|CakePHP|AWS|Apache|Android|CloudSearch|Ruby on Rails|Symfony|Sinatra|Python|nginx|Elasticsearch|Django|Ansible|TokyoTyrant,Retty+スター級+承諾|ヤフー+プチリッチ級+承諾|BASE+スター級+承諾|ディー・エヌ・エー+スター級+承諾|Sansan+スター級+承諾|ミクシィ+プチリッチ級+辞退|リブセンス+プチリッチ級+辞退
ID:288さん,Unity3D|uGUI|SQLite3|Redis|nginx|MySQL|Memcached|Jenkins|golang|Apache|PHP5.5|Python2|unity5|php5.6|aws-ec2|aws-elaticache|protobuf|Unity|Python|PHP|iOS|Android,サイバーエージェント（ゲーム事業）+ノーマル級+承諾|Retty+スター級+承諾|ディー・エヌ・エー+スター級+承諾|リブセンス+プチリッチ級+承諾|リクルートライフスタイル+スター級+承諾
ID:492さん,Sass|Perl|Jade|ionic|HTML5|CSS3|Cordova|AngularJS|Objective-C|Java|Android|wowza|onsenui|less|AWS|angular|Ruby on Rails|phina.js,フリークアウト+ノーマル級+辞退|freee+プチリッチ級+承諾|リクルートライフスタイル+スター級+承諾
ID:772さん,Ruby|Rails4|Objective-C|Java|cocos2d-x|C++11|PHP|VisualStudio|RubyOnRails|C++|C,Sansan+スター級+未返答
ID:1008さん,Underscore.js|Titanium|JavaScript|iOS|Android|PHP5.5|Ruby|RSpec|Redis|rack|nginx|jQuery|GoogleBigQuery|GoogleAppEngine|fluentd|Ansible|Ruby on Rails,Sansan+スター級+辞退|Retty+スター級+辞退|VASILY+プチリッチ級+辞退|ヤフー+ノーマル級+承諾|ミクシィ+ノーマル級+承諾|ディー・エヌ・エー+スター級1位+承諾|リブセンス+プチリッチ級+承諾|リクルートライフスタイル+スター級+承諾
ID:1390さん,jsonschema|fastlane|CircleCI|Ansible|Ruby on Rails|RAML|Java|cocos2dx|Objective-C++|JNI|Objective-C|iOS|cocos2d|Android,freee+ノーマル級+承諾|Sansan+プチリッチ級+承諾|ディー・エヌ・エー+プチリッチ級+承諾|リクルートライフスタイル+スター級+辞退
ID:1432さん,Redis|Rails|MySQL|CentOS|angular.js|C#|ASP.NET|SQL Server,freee+プチリッチ級1位+承諾|リクルートライフスタイル+スター級+辞退
ID:732さん,vue.js|svn|SublimeText|Redmine|Redis|PowerShell|jQuery|JavaScript|HTML|Git|devops|CSS|C#|bitbucket|.NETFramework|MVC.NET|Windowsserver|Visual Studio|IIS|pex.js|Fiddler|Powershell-DSC|SQLServer|PHP|MySQL|Mercurial|Cisco|Apache|Nessus,freee+ノーマル級+承諾|Sansan+プチリッチ級+承諾|リクルートライフスタイル+スター級+承諾
ID:456さん,unicorn|Ruby|RSpec|Redis|React|Rails|nginx|MySQL|monit|jQuery|Jenkins|JavaScript|GitHub|Git|fluentd|chef|CentOS|Capybara|capistrano|bigquery|Rails4|Heroku,Speee+スター級+未返答|Sansan+プチリッチ級+未返答|リクルートライフスタイル+スター級+未返答
ID:766さん,Revel|Redis|JavaScript|gulp|golang|d3.js|browserify|babel|ES2015|Jenkins|GitLab|ChatOps,Speee+スター級+辞退|Retty+スター級+承諾|VASILY+プチリッチ級+承諾|freee+ノーマル級+辞退|ナイル(旧:ヴォラーレ)+プチリッチ級+辞退|リクルートライフスタイル+スター級+承諾
ID:608さん,Redmine|PHP|jira|Flex|AIR|ActionScript3|Perforce|Unity|Tomcat|Subversion|Socket.io|Redis|Objective-C|Node.js|nginx|MySQL|MacOSX|Jenkins|FuelPHP|Express|CentOS|C#|Apache|java7|Java/Android|Memcached|jQuery|JavaScript|HTML|git-svn|CSS|Symfony|Perl|oracle|Ruby,Retty+プチリッチ級+未返答|ナイル(旧:ヴォラーレ)+プチリッチ級+未返答|ディー・エヌ・エー+プチリッチ級+承諾|サイバーエージェント（ゲーム事業）+ノーマル級+承諾|リクルートライフスタイル+スター級+承諾
ID:736さん,Symfony|PHP|oracle|Linux|JavaScript|Eclipse|WebRTC|webpack|Ubuntu|RubyOnRails|react.js|Heroku|Git|es6|Conoha|CentOS|AWS,ヤフー+プチリッチ級+承諾|freee+ノーマル級+承諾|リクルートライフスタイル+スター級+承諾|リブセンス+ノーマル級+承諾
ID:1308さん,Vim|Ubuntu|spring|shell|Seasar2|Python|MySQL|Java|IntelliJ|C#|Visual Studio|SharePoint|SQL Server|oracle|.NETFramework|Object Browser|Crystal Reports,Retty+プチリッチ級+未返答|リクルートライフスタイル+スター級+未返答
ID:1406さん,vagrant|Swift|Ruby|RSpec|Rails|Objective-C|Java|iOS|Android|Rails4|bluetooth|angular.js,Retty+プチリッチ級+辞退|ミクシィ+プチリッチ級+辞退|Sansan+ノーマル級+辞退|ペロリ+スター級+辞退
ID:1448さん,zabbix|Varnish|Redmine|Redis|Munin|keepalived|GitLab|fluentd|docker|Bash|aws-cli|Ansible|AmazonLinux|centos6|php7|mysql5.1|mysql5.6|php5.3|php5.6|nginx1.9|pound|aws-ec2|aws-cloudfront|aws-rds|aws-elaticache|aws-route53|aws-cloudformation|elasticsearch-kibana|apache-mod_php|aws-rds-aurora,Retty+スター級+承諾|ディー・エヌ・エー+スター級+承諾
ID:1538さん,Unity|SQLite3|Redis|python3|nginx|MySQL|Memcached|Linux|Jenkins|GitHub|Flask|C#|eginx|uwsgi|PHP|Apache,Retty+スター級+辞退|ミクシィ+プチリッチ級1位+承諾|ディー・エヌ・エー+スター級+承諾|リブセンス+プチリッチ級+承諾|BASE+ノーマル級+辞退|サイバーエージェント（ゲーム事業）+ノーマル級+辞退|リクルートライフスタイル+スター級+承諾|クルーズ+プチリッチ級+承諾
ID:132さん,Xcode|Objective-C|Java|Eclipse|AppCode|DBFlute|XCode7|Swift2|java8,""
ID:230さん,VisualStudio|KVS|JavaScript|HTML|GitLab|C#|bootstrap|Azure|ASP.NET_MVC|.NETFramework|.NET|AzureSQLDatabase|VSTS|PowerBI|SharepointOnline|Trello|SQLServer|Slack|Redmine|EntityFramework|WindowsServer2008|Xamarin|iOS|HTML5|Android|AzureMobileService|svn|Java|Eclipse,Retty+ノーマル級+承諾|Sansan+プチリッチ級+承諾|リクルートライフスタイル+スター級+承諾
ID:424さん,RubyOnRails|JavaScript|HTML|CSS|Objective-C|CoreData|CocoaPods|webpack|Swift2|Swift|slim|sketch|react.js|React|photoshop|illustrator|haml|gulp|CoffeeScript|capistrano|angular.js,Retty+プチリッチ級+承諾|リブセンス+プチリッチ級+承諾|ペロリ+スター級+承諾
ID:1118さん,Underscore.js|Sass|Perl|MySQL|Marionette.js|jira|JavaScript|HTML5|gulp|CSS|confluence|CoffeeScript|Backbone.js|Symfony|PHP|photoshop|HTML,BASE+スター級+承諾|VASILY+プチリッチ級+承諾|フリークアウト+プチリッチ級+辞退|Retty+プチリッチ級+辞退|ヤフー+プチリッチ級+辞退|freee+プチリッチ級+承諾|リクルートライフスタイル+スター級+承諾
ID:1410さん,less|gulp|ESLint|CircleCI|browserify|babel|ava|reactnative|CoffeeScript|ATOM,freee+ノーマル級+承諾|Speee+スター級+承諾
ID:1084さん,Java|C#|unicorn|scss|Ruby|PostgreSQL|nginx|jQuery|Jenkins|JavaScript|HTML5|Heroku|GitHub|Git|EC2|CSS3|CoffeeScript|bootstrap|backlog|AWS|Ruby on Rails|slim|RSpec,ディー・エヌ・エー+プチリッチ級+承諾|Sansan+ノーマル級+承諾|ペロリ+スター級+承諾
ID:1332さん,swagger|Rx|Redis|Jenkins|Git|C#|bitbucket|ASP.NET_MVC|.NETFramework|dapper|Windowsserver2012|Visual Studio|IIS|ReSharper|SQL Server|StackExchange.Redis|Jil|NLog|AdoNetProfiler|Glimpse|SSMS|SourceT|SourceTree|ASP.NET|JSON.NET|StackExchangre.Redis|Bitbu,Sansan+スター級+未返答
ID:124さん,unicorn|Ruby|Rails|PHP|nginx|MySQL|jQuery|GoogleBigQuery|GoogleAppsScript|Go|CakePHP|Apache|プロジェクト1とほぼ変わらず,Sansan+スター級+未返答
ID:1232さん,Xcode|Objective-C|MySQL|Linux|Apache|HLS|決済|In-App Purchase|WindowsServer2008|Silverlight|kohana|AdobeFMS|PlayReadyDRM|クレジットカード決済|ビッチキャッシュ決済|mBaas|iBeacon|Eclipse|CocoaPods|Android|beacon|o2o|OAuth|キャリア決済|nginx|Memcached|ionic|docker|Cordova|Ansible|AngularJS,Retty+スター級+承諾|ディー・エヌ・エー+プチリッチ級+承諾
ID:1674さん,ZendFramework|spring|PHP|Java|Slack|Scala|Sass|Play2|Hubot|HTML5|Haxe|fabric|react.js|Haskell|angular.js,Retty+プチリッチ級+承諾|ナイル(旧:ヴォラーレ)+スター級+承諾|Sansan+プチリッチ級+辞退
ID:1254さん,PHP|oracle|Java|MySQL|Unity|vue.js,リブセンス+プチリッチ級+承諾
ID:1452さん,SQL|jQuery|JavaScript|HTML5|CSS3|bootstrap|AWS|Ruby on Rails|Redis,フリークアウト+プチリッチ級+承諾|VASILY+プチリッチ級+承諾|freee+プチリッチ級+承諾|Sansan+プチリッチ級+承諾
ID:1722さん,Redis|nginx|newrelic|MySQL|Jenkins|Ruby on Rails|iOS|Android,フリークアウト+プチリッチ級+承諾|Retty+ノーマル級+承諾
ID:198さん,Redis|RDS|Perl|MySQL|Mackerel|GitHub|esa.io|EC2|Backbone.js|Amon2|Elasticache|Qiita:Team|App::Koyomi|reveal.js|vagrant|serverspec|hipchat|bitbucket|Ansible|Test::More,フリークアウト+プチリッチ級+承諾
ID:1336さん,MySQL|kibana|fluentd|Elasticsearch|AWS|CloudSearch|php5.7|phalconphp|PhantomJS|Node.js|mocha|jQuery|Express.js|power-assert|Sails|Realm|reactnative|react.js|Firebase,リブセンス+プチリッチ級+承諾
ID:158さん,WordPress|PHP|Objective-C|SEO|scss|RubyOnRails|RDS|MySQL|jQuery|JavaScript|HTML|EC2,Sansan+プチリッチ級+承諾|Retty+ノーマル級+未返答
ID:654さん,ShellScript|Redis|PHP|nginx|ElasticBeanstalk|EC2|DynamoDB|AWS|Apache,ヤフー+プチリッチ級+辞退|Sansan+プチリッチ級+辞退|BASE+ノーマル級+辞退|リブセンス+プチリッチ級+辞退
ID:724さん,S3|Python|PostgreSQL|MySQL|Mercurial|GoogleCloudStorage|GoogleBigQuery|GitHub|EC2|virtualenv|pip|sqs|Aurora|WebDriver|Selenium2|SauceLabs|Mackerel|WebStorm|Tomcat|oracle|JavaScript|Java|HTML|Git|Eclipse|Delphi|CSS|C++|C|Apache|COBOL,Retty+プチリッチ級+承諾
ID:536さん,vi|Unity2D|Redis|PHP|nginx|MySQL|Memcached|Linux|FuelPHP|Eclipse|C#|ATOM|Visual Studio|jQuery|Java|HBase|Apache|Symfony|NetBeans|ASP.NET_MVC|ASP.NET,ディー・エヌ・エー+プチリッチ級+承諾|サイバーエージェント（ゲーム事業）+ノーマル級+承諾|クルーズ+プチリッチ級+承諾
ID:840さん,Ruby|PHP|Java,""
ID:1110さん,mariadb|laravel5|PHP5.5|SendGrid|scrum|Redmine|PostgreSQL|laravel|jQuery|JavaScript|GoogleMapsAPI|GoogleAnalytics|CSS3|backlog|php5.3|ethna,Retty+プチリッチ級+未返答
ID:1218さん,XCode7|Swift2|S3|Perl|NetBeans|MySQL|lambda|JAX-RS|Java|iOS|glassfish|EC2|DynamoDB|AWS|APIGateway|Apache|AndroidStudio|Android|sqlite|flash|as3|Wicket|JavaScript|AngularJS,フリークアウト+プチリッチ級+未返答|Retty+ノーマル級+未返答
ID:920さん,TreasureData|Node.js|MySQL|Memcached|knockoutjs|jQuery|Jenkins|Hubot|grunt|PHP5|spring|Selenium|Ruby|Rails|PostgreSQL|pacemaker|jQueryMobile|Java|drbd|prototypejs|OpenVZ|Solaris|ShellScript|postfix|Nagios|Linux|FreeBSD|Apache|sendmail|Cacti|unity5|Silex|S3|DynamoDB|cocos2d-x|C#|PHP5.5,Retty+プチリッチ級+承諾
ID:186さん,S3|Redis|Rails4|MySQL|Jenkins|capistrano|AWS|angular.js|ElasticLoadBarancer|CloudWatch,フリークアウト+プチリッチ級+承諾|freee+ノーマル級+承諾|Sansan+ノーマル級+承諾|ペロリ+プチリッチ級+承諾|リブセンス+ノーマル級+承諾|リクルートライフスタイル+プチリッチ級+承諾
ID:664さん,Perl|MySQL|Linux|Python|AWS|Redis|PHP|nginx|Memcached|jsonschema|docker,ディー・エヌ・エー+プチリッチ級+辞退
ID:1670さん,struts2|spring|oracle|jQuery|Java|Hiberna|Websphe|PostgreSQL|PHP|CakePHP|SQLSer|jetty|SQLServer|C#|ASP.NET_MVC|ASP.NET|WindowsServer2008|jquer|Tomcat|DynamoDB|AWS|Apache|Aurora|akama,ヤフー+プチリッチ級+承諾|Sansan+プチリッチ級+承諾
ID:604さん,Xcode|Swift|Redmine|Rails|Objective-C|Git|AWS|iOS|GitHub|CircleCI,Sansan+プチリッチ級+承諾|ヤフー+プチリッチ級+承諾
ID:96さん,websocket|webpack|vue.js|scss|Ruby|Rails4|MaterialDesign|JavaScript|HTML5|gulp|GitHub|Git|CSS3|AWS|React|Heroku|bootstrap,Retty+プチリッチ級+承諾|freee+プチリッチ級+未返答
ID:1076さん,Ruby|Rails|JavaScript|HTML|MySQL|AWS|CoffeeScript|PHP|Electron,Sansan+ノーマル級+辞退|freee+プチリッチ級+辞退
ID:1230さん,zabbix|Ubuntu|S3|RDS|nginx|MySQL|FuelPHP|EC2|CloudFront|centos7|Bash|AWS|Apache|ElasticLoadBarancer|Aurora|WAF|Tomcat|PostgreSQL|Perl|Nagios|DynamoDB|CloudFormation|jp1|Terasoluna|Elasticache|tableau,Retty+プチリッチ級+未返答|サイバーエージェント（ゲーム事業）+ノーマル級+承諾
ID:806さん,spring-boot|spring|spock|RESTful|Redis|oracle|JUnit|java8|Groovy|Elasticsearch|docker|CI|TeamCity|DBUnit|AWS,Retty+プチリッチ級+辞退|サイバーエージェント（ゲーム事業）+ノーマル級+承諾
ID:1650さん,vagrant|Redis|MySQL|MongoDB|Jenkins|hive|docker-compose|docker|CentOS|Apache|Ansible|PHP5|spring|jQuery|Java|iBatis|freemarker,ヤフー+プチリッチ級+承諾|リブセンス+ノーマル級+承諾
ID:188さん,solr|ShellScript|Scala|R|PHP|MySQL|hive|hadoop|S3|RubyOnRails|route53|Redis|RDS|opsworks|fluentd|EC2|chef|AWS|ElasticLoadBarancer,Retty+プチリッチ級+辞退|ディー・エヌ・エー+プチリッチ級+辞退|イグニス+ノーマル級+辞退
ID:1140さん,S3|onsenui|Node.js|MongoDB|ionic|IntelliJ|grunt|Git|Express|Cordova|AWS|AngularJS|SES|scipy|scikit-learn|Python|numpy|MySQL|Jenkins|cocos2d-x|C++,Retty+プチリッチ級+承諾
ID:1264さん,Redis|PHP|nginx|MySQL|cakephp3|backlog|AWS|Memcached|FuelPHP|MongoDB|CakePHP,BASE+プチリッチ級+未返答|Retty+プチリッチ級+未返答
ID:1508さん,React|Haskell|ECMAScript6|servant|機械学習|Python|OpenCV|tesseract-OCR,Sansan+プチリッチ級+承諾
ID:1072さん,Swift|PHP|MySQL|jQuery|JavaScript|iOS|GitHub|FuelPHP|Python|nginx|Java|AWS|NinjaWebFramework|JSON|Apache|Ajax,BASE+プチリッチ級+承諾|Retty+プチリッチ級+承諾|freee+ノーマル級+承諾
ID:1430さん,redux|React|nodejs|MySQL|Jenkins|HTML5|GitHub|flux|ffmpeg|Express.js|es6|docker|centos6|Akamai|Salesforce|RDS|PHP|PhantomJS|MongoDB|laravel5|jQuery|Git|fluentd|EC2|casperJs|AWS|FuelPHP|ZendFramework|flash|CentOS|ShellScript|PostgreSQL,Retty+プチリッチ級+未返答
ID:1024さん,Scala|Revel|jQuery|JAX-RS|JavaScript|java8|HTML5|HTML|golang|CSS3|CSS|angular.js|java7|Ruby on Rails|spring|Java,freee+プチリッチ級+辞退|Sansan+ノーマル級+辞退
ID:298さん,XCode7|Unity3D|shell|PHP|Objective-C|MySQL|Jenkins|JavaScript|Java|iOS|GitLab|Git|DeployGate|C#|AndroidStudio|Android|Redis|RDS|nginx|MongoDB|Memcached|Linux|JSON|EC2|capistrano|AWS|LAMP,Retty+ノーマル級+未返答|ディー・エヌ・エー+プチリッチ級+承諾|サイバーエージェント（ゲーム事業）+ノーマル級+承諾
ID:1240さん,Subversion|PostgreSQL|jQuery|HTML5|C#|ASP.NET_MVC|centos6|WindowsServer2008|IIS|Sass|Node.js|JavaScript|gulp|GitBucket|Git|Windowsserver2012,Sansan+プチリッチ級+承諾
ID:1616さん,SQLServer|Sphinx|solr|Redis|Python|hive|hadoop|chef|Apache|spring-boot|Java|ManifoldCF|jQuery|CSS|bootstrap,Retty+プチリッチ級+辞退|ヤフー+プチリッチ級+辞退
ID:1442さん,Subversion|Smarty|RESTful|Redmine|PHP|Perl|MySQL|Memcached|Linux|jQuery|JavaScript|CentOS|Apache|Solaris|ZendFramework|WebAPI|C#|ASP.NET|.NETFramework|Visual Studio|Silverlight|SQL Server|IlS,Retty+プチリッチ級+辞退|クルーズ+プチリッチ級+辞退|BASE+ノーマル級1位+辞退
ID:894さん,spring|JUnit|Java|Groovy|JAXB|spring-boot|opsworks|Objective-C|Jenkins|Eclipse|EC2|CloudFormation|Android|Fitnesse,Retty+プチリッチ級+承諾
ID:1614さん,unicorn|Redis|Rails|mariadb|capistrano|api|highcharts|Excel|aws-ec2|aws-rds,Sansan+プチリッチ級+辞退
ID:1214さん,Windows|solr|Memcached|jQuery|JMeter|Jenkins|iOS|C#|ASP.NET|AngularJS|Android|SQL Server|windows server|VB.Net,サイバーエージェント（ゲーム事業）+ノーマル級+辞退
ID:206さん,Slack|Perl|MySQL|Memcached|jQuery|Jenkins|Hubot|hadoop|confluence|CoffeeScript|AWS|Ajax|agile|SQLServer|Redis|Objective-C|HTML5|CSS3|C#|.NETFramework|MVC.NET,フリークアウト+ノーマル級+辞退|Retty+ノーマル級+承諾
ID:264さん,PHP|MySQL|CloudFront|AWS|Python2,Retty+ノーマル級+未返答
ID:598さん,SQLServer|LINQ|jQuery|JavaScript|Git|EntityFramework|C#|AWS|ASP.NET|sitecore|dapper|DMS|WordPress|vagrant|TypeScript|PHP|mariadb|Linux,Retty+ノーマル級+承諾
ID:644さん,Unity|iOS|Android|laravel|PHP5.5,freee+ノービス級+承諾|リブセンス+ノーマル級+承諾
ID:760さん,Ruby|Rails|Embulk|AWS|solr|Redis,""
ID:1758さん,ZendFramework|PhpStorm|PHP|Git|svn|Eclipse|C++,Retty+ノーマル級+未返答|サイバーエージェント（ゲーム事業）+ノーマル級+未返答|クルーズ+ノーマル級+未返答
ID:1162さん,slick|Scala|Play2|nginx|MySQL|Memcached|Linux|JavaEE|Java|DB2|WebSphere|oracle|SAstruts,サイバーエージェント（ゲーム事業）+ノーマル級+未返答
ID:1524さん,PostgreSQL|PHP|Memcached|jQuery|GitLab|Emacs|centos6|CakePHP2|pacemaker|AWS|Apache,""
ID:534さん,Kibana4|fluentd|Elasticsearch|Tomcat|Redis|Python|MySQL|kernel|haproxy|aws-cli|AWS|Apache|ganglia|Akamai|Xen|awk|tcpdump|Git|Bash|Ansible,サイバーエージェント（ゲーム事業）+ノーマル級+辞退|VASILY+ノーマル級+辞退|Retty+ノーマル級+辞退
ID:966さん,solr|Seasar2|Redmine|oracle|Maven|Linux|jQuery|Jenkins|JavaScript|Java|Ajax|SAstruts|ActiveMQ|jp1|WordPress|scrum|PHP|MySQL|jira|confluence|AWS,サイバーエージェント（ゲーム事業）+ノーマル級+辞退
ID:1040さん,JavaEE|java8,サイバーエージェント（ゲーム事業）+ノーマル級+承諾
ID:504さん,spring-boot|Seasar2|PowerShell|Jenkins|Java|Azure|AzureSQLDatabase|PHP|jQuery|JavaScript|CodeIgniter|AzureCache(Redis)|ZooKeeper|solr|PHPUnit|MongoDB|capistrano,Retty+ノーマル級+辞退
ID:1552さん,SQL|R|python3|SybaseIQ|SAP PA|VBScript|Perl|hadoop|ExcelVBA|Netteza|SPSSModeler|DB2,サイバーエージェント（ゲーム事業）+ノーマル級+承諾
ID:1022さん,Symfony2|Redis|MySQL|MongoDB|Memcached|Cassandra|kumofs,""
ID:1128さん,機械学習|人工知能|Python|OpenCV|matlab|DeepLearning|コンピュータビジョン|画像認識|コンピュータグラフィクス,""
ID:1556さん,Ruby|MySQL|Linux|KVM|keepalived|iptables|Apache|lvm|hartbeat|法人用スイッチ|ppp|nfs|pxe|kdump|crash|route53|Go|AWS|IAM|AWS-SDK,Retty+ノーマル級+辞退|freee+ノーマル級+承諾
ID:546さん,WordPress|websocket|Scala|S3|PlayFramework|PHP|nginx|MySQL|Linux|jQuery|JavaScript|HTML5|CSS3|bootstrap|Apache|Akka|Ajax|VisualStudio|Salesforce|HTML,リブセンス+ノーマル級+承諾
ID:1558さん,VB|Tomcat|svn|oracle|JavaScript|Java|HTML|Git|CSS|C++|.NETFramework|SAstruts|JSON|C#|WindowsCE|.NETCompactFramework|SQLite3|Ruby|bitbucket|Ruby on Rails|vue.js|Node.js|GitHub|Electron,リブセンス+ノーマル級+承諾
ID:1706さん,Xcode|Objective-C|Java|GitLab|AndroidStudio|vue.js|SNS|S3|lambda|JavaScript|Cordova|APIGateway|Perl|nginx|Memcached|jQuery|grunt|bower|plack,フリークアウト+ノーマル級+承諾|クルーズ+ノーマル級+辞退
ID:1584さん,PHP|MySQL|jQuery|JavaScript|CentOS|CakePHP|solr|Smarty|Redis|Memcached|Elasticsearch|自社フレームワーク|RDS|laravel5|AmazonLinux|Aurora|Elasticache|Swift2,Retty+ノーマル級+承諾
ID:174さん,PHP|Perl|MySQL|Linux|Apache|RubyOnRails|Mongo,Retty+ノーマル級+未返答
ID:1096さん,RSpec|Redis|Rails|MySQL|jQuery|JavaScript|es6|bower|bootstrap|LoDash|unicorn|nginx|PostgreSQL|npm|gulp|CapeJS,freee+ノーマル級+承諾
ID:948さん,svn|PhpStorm|PHP|MySQL|Linux|jQuery|CakePHP|GitBucket|Git|VBScript|oracle|Bash,BASE+ノーマル級+承諾
ID:1628さん,Tomcat|Subversion|struts2|spring|MySQL|Maven|jQuery|Jenkins|Debian|CentOS|Apache|Java5|freemarker|Redis|PHP|JavaScript|HTML|Git|Play2|java8|GitLab|bootstrap|AWS|AngularJS,Retty+ノーマル級+承諾
ID:522さん,unity5|C#|openFrameworks|C++,Sansan+ノーマル級+承諾
ID:1330さん,VBScript|ShellScript|PostgreSQL|PHP|JavaScript|CSS|Azure|ActiveDirectory|SAML|SQL Server|RaspberryPi|Python|Perl|MovableType|HTML|PowerCMS,Retty+ノーマル級+承諾|クルーズ+ノーマル級+承諾
ID:1732さん,Vim|vi|teraterm|Perl|InternetExplorer|Eclipse|Cisco|CentOS|C++|Windowsserver|VisualBasic|Vmware ESXi|TCP/IP|checkpoint|terapad|Syslog|Ubuntu|MySQL|HTML|CSS|Apache|Cacti|mrtg|パトロールクラリス|Linux|FortiGate|zabbix|WordPress|Wireshark|Windows|S3|PHP|MacOSX|EC2|chatwork|backlog|AWS|ActiveDirectory|FFFTP|WindowsServer2008|Windowsserver2012|pukiwiki|rtx1200|exping|winscp,クルーズ+ノービス級+承諾
ID:702さん,Symfony|svn|Slack|Redmine|Redis|Phalcon|MySQL|bitbucket|AWS|PHP|Git|Xcode|Objective-C|GitHub|illustrator|Genymotion|AndroidStudio|Android,freee+ノービス級+承諾
ID:86さん,zabbix|SublimeText|Slack|Sass|Revel|Redmine|Redis|React|nginx|mariadb|Jenkins|IntelliJ|HTML5|hack|gulp|golang|FuelPHP|es6|docker|CSS|babel|ATOM|AndroidStudio|Trello|solr|RabbitMQ|PHP|NetBeans|MySQL|jira|grunt|confluence|CodeIgniter,""
ID:382さん,RubyOnRails|Ruby|jQuery|JavaScript|HTML|CSS|angular.js|slim|Java|haml,""
ID:704さん,Unity3D|OpenCV|Kinect|java Perl,""
ID:896さん,ShellScript|PHP|MySQL|Linux|JavaScript|C++|C|Apache|Tomcat|PostgreSQL|Perl|oracle|nginx|Java|CentOS|ZendFramework|TDD|SeleniumIDE|PHPUnit|jQueryMobile|jQuery|Jenkins|Facebook|capistrano|TokyoTyrant|NiftyCloud|BDD|Symfony|RubyOnRails|TreasureData|scikit-learn|S3|Redis|Rails4|Python|Presto|mecab|hive|Heroku|hadoop|Elasticsearch|AWS|hivemall,""
ID:982さん,TypeScript|react.js|Node.js|Express.js|Elasticsearch|AWS|angular.js|Swift|Java|iOS|Android,""
ID:1066さん,Sass|jira|Jenkins|grunt|Git|Backbone.js|gulp|babel|Ruby on Rails|redux|React|PostCSS,""
ID:1338さん,JavaScript|gulp|CSS|ClosureLibrary|ZendFramework|PHP|MySQL|Linux|Apache|EC-CUBE|TwitterBootstrap|Smarty|PostgreSQL|GoogleAnalytics|PHP5|GoogleTagManager,""
ID:1428さん,EntityFramework|C#|Azure|ASP.NET_MVC|PHP|MySQL|CakePHP,""
ID:1624さん,Xaml|WPF|C#|Sliverlight,""
ID:136さん,spray|Scala|Redis|AWS|DynamoDB,""
ID:448さん,vmware|svn|sed|MySQL|Linux|JMeter|Bash|awk|RDPツール|VMwareESXi|TRADOS|textエディタ|UNIX|Swift|shell|jp1|ERP|XML|JavaScript|HTML|CSS|EpicEditor|XSLT|XSL-FO,""
ID:540さん,Ruby|RSpec|Redis|Rails4|MySQL|jQuery|JavaScript|Rails5,""
ID:628さん,Swift|Slack|Objective-C|Java|iOS|iBeacon|GitHub|BLE|Android|RxSwift|RxAndroid|AndroidStudio|Xcode|chatwork|Unity|svn|Eclipse,""
ID:832さん,C++|C#|C|Toppers(組み込みOS)|Z-stack(ZigBee)|V850アセンブラ|Mathematica|R言語|cUnit|Objective-C|Jenkins|CocoaPods|FMDB|AFNetworking|Ruby/sinatra|GHUnit|Java/Android|Swift2|spring|Scala|PlayFramework|Java|iOS|AngularJS|SAstruts|Ruby/Capybara,""
ID:974さん,Python|JavaScript|GoogleAppEngine|Django|dojo|solr|PHP|MySQL|grunt|Slack|googlecomputeengine|GoogleAnalytics|GAE|Elasticsearch|CircleCI|bigquery|angular.js,""
ID:1058さん,Struts|PostgreSQL|PHP|Java|oracle|SAstruts,""
ID:1258さん,Ruby|PHP|AWS|SAML|SSO|Python|api,""
ID:1652さん,PHPUnit|PDO|JavaScript|C++|AWS|PHP5|自社db|Ssl|Lua|HTTP|HTML|PHP|jQuery|Apache|sendmail|office365|googleapps,""
ID:52さん,Tomcat|spring|Python|oracle|JavaScript|Java|ESP|iBatis|IEEE 754|Terasoluna|Excel|C#|SOAP|Silverlight|Linux|Bash|AWT|PDA|Java/MobileProfile|Word|Eclipse|ASP.NET|.NET|Windows Forms,""
ID:330さん,Socket.io|Seasar2|jQuery|JavaScript|Java|HTML5|CSS3|Backbone.js|WindowsAzure|Node.js,""
ID:422さん,solr|PostgreSQL|Java|teeda|C|H8マイコン,""
ID:530さん,Windows|VBScript|VBA|SQLServer|HTML|Windowsserver|Visual Studio|VB6|arcserve backup|ASP|SolidWorks|SMARTEAM|COSMOSWORKS|VB.Net|C++|SQL Server|リアルタイムソフト（ミドルウェア）|windows7|oracle|Hyper-V|PLC通信|DI/O通信|ソケット通信|virtualPC|WindowsServer2008|TCP/IP|Windowsserver2012|IIS|BackupExec,""
ID:580さん,C++|68000アセンブラ|MS-DOS|486アセンブラ|PHP|MySQL|Memcached,""
ID:614さん,SQL|spring|Linux|Java|sybase|DB2|Jenki|Fitnesse|SybaseIQ|Sikuli|Spring-Integration|RequireJS|JAX-RS|JavaScript|AngularJS,""
ID:742さん,Xcode|websocket|WebAPI|Objective-C|iOS|UPnP|DLNA|画像処理|Swift2.0|CocoaPods,""
ID:822さん,Perl|C++|Python,""
ID:878さん,VB.Net|SQLServer|Seasar2|Java|oracl,""
ID:1360さん,Windows|VisualStudio|VB.Net|SQL|MFC|C++|C#|.NETFramework|TCP/IP|UDP|OracleDB|sqlite|Access|Visual Studio|VB6,""
ID:1116さん,unity5|openFrameworks|OpenCV|Arduino|測域センサ|距離センサ|マイク入力|プロジェクションマッピング|LTC|DMX|UDP|OculusRift|KinectV2|Ovrvision|FinalIK|LeapMotion(Orion)|心電センサ|ZigBeeモジュール|ソレノイドバルブ|ポンプ|PostgreSQL|PHP|Linux|JavaScript|HTML|CSS|CentOS,""
ID:1192さん,Subversion|Makefile|Cygwin|C++|C|Mantis|Assembler|Ubuntu|Redmine|Java|Excel|Emacs|Eclipse|Android|Vim|Git|AndroidStudio|WPF|Python|GAE|C#|.NETFramework|WCF,""
ID:1320さん,WPF|C#|ASP.NET_MVC|PHP|BML|jQuery,""
ID:1412さん,Symfony|PHP|jQuery|JavaScript|Cucumber|knockoutjs,""
ID:1590さん,TypeScript|jQuery|C#|ASP.NET_MVC|Knockout|Knockout-ES5|moment.js|jasmine|Angular2,""
ID:64さん,Yii|PHPUnit|PHP|MySQL|jQuery|JavaScript|C++|Apache|oracle,""
ID:196さん,Node.js|JavaScript|HTML|CSS|angular.js,""
ID:590さん,spring|solr|hadoop|SQLServer|C#|.NET|Java|Elasticsearch,""
ID:624さん,JavaScript|ionic|bootstrap|AngularJS|Python|Scrapy,""
ID:694さん,Java|Android|tornado|Python|Memcached|JSON|JavaScript|Flask|Unity3D|Unity2D|UniRx|CoffeeScript|cocos2d-JS|C#|golang|GAE|PHP|laravel|jQuery,""
ID:754さん,PHP|MySQL|jQuery|JavaScript|HTML5|CSS|centos7|CentOS|CakePHP|TCP|SQLite3|LINQ|C#,""
ID:88さん,photoshop|Mac|JavaScript|illustrator|HTML5|HTML|flash|CSS3|CSS|sketch|PHP|Git,""
ID:402さん,Vim|Symfony|shell|PHP|JavaScript|iOS|HTML5|Git|CSS3|Android|VirtualBox|vagrant|Trello|Swift2.0|Slack|laravel5|Java|bitbucket|Ansible|AndroidStudio,""
ID:482さん,C言語|Java|Elasticsearch|CakePHP,""
ID:552さん,PHP|JavaScript,""
ID:600さん,C++|C|Java|JavaScript,""
ID:648さん,Redmine|PHP|JavaScript|HTML|CSS|Facebook,""
ID:762さん,justware|インフラ全般|vmware,""
ID:914さん,vpc|ShellScript|RDS|postfix|Linux|EC2|AWS|DeepSecurity|Perl|Fortran|awk|AIX|tivoli|jp1|sendmail,""
ID:1002さん,VBA|C|ARM|VSS|VisuialStudio|VB.Net|Subversion|SQLServer|SQL|GitBucket|C#|oracl|VB6|Vmware ESXi|APC PowerChute|Symantec ghost|ウイルスバスターコーポレートエディション|APC Network Shutdown|arcserve backup|wincvs,""
ID:744さん,VisualStudio|Objective-C|Java|iOS9|C++|C#|C|Android|SQLServer|ASP.NET,""
ID:826さん,Java|OpenStreetMap|graphhopper,""
ID:886さん,Yii|Slack|PhpStorm|PHP|onsenui|MySQL|monaca|JavaScript|backlog|Sencha|flash|CSS3|edge,""
ID:1322さん,python3|Pycharm|oracle|MySQL|MacOSX|Linux|JavaScript|Git|fabric|es6|Django|WindowsServer2008|tableau|社内言語|社内開発フレームワーク,""
ID:1460さん,NetBeans|JavaScript|HTML5|Excel|CSS3|VB.Net|oracle|.NETFramework|Visual Studio|VB6|Java|HTML|Eclipse|Access|PL/SQL|OracleAPEX,""
ID:1710さん,SQLite3|Ruby|PHP|MySQL|Memcached|Elasticsearch|CentOS|Apache|TokyoTyrant|Crawler|Java|iOS|Android,""
ID:1080さん,VB.Net|svn|oracle|Linux|Java|Ajax|Windowsserver|JAXB|DataBinding|WindowsAzure|TwitterBootstrap|Redmine|PHP|MySQL|Git|CentOS|CakePHP|csv|ZendFramework|PostgreSQL|JavaScript,""
ID:1354さん,Salesforce|jQuery|JavaScript|Java|casperJs|Apex|Velocity|Visualforce|golang|Go|TypeScript|React|mocha|Lightning|ECMAScript6,""
ID:1512さん,Windows|JavaScript|HTML|C|brew|ARM|Visual Studio|WebStorm|Redis|PostgreSQL|neo4j|Linux|Java|ExtJS|Eclipse|C++|boost|Bash|AWS|Python2|CxSparse|iomemory,""
ID:1560さん,Slack|Java|Git|AWS|AndroidStudio|Android|Ruby on Rails|Ecli|svn|backlog,""
ID:1784さん,Spark|hive|hadoop|CentOS|Ansible|impala|Xen|Vmware ESXi|ActiveDirectory|IIS,""
ID:166さん,React|Rails4|JavaScript|googleapi|PHP,""
ID:404さん,ShellScript|jQuery|JavaScript|HTML5|aws-cli|AWS,""
ID:556さん,ZendFramework|PHP|Java|Eclipse|NVelocity|Xcode6|Objective-C|cakephp3|ATOM|Framework7,""
ID:916さん,JUnit|Java|SQL|PostgreSQL|DB,""
ID:1276さん,oracle|Linux|Java|JavaScript|RESTful|Python|nginx|MySQL|AWS|spring|postgres|Hibernate|JSP|jQueryMobile|jQuery,""
ID:1702さん,SQL|Python|C++|boost|Bash,""
ID:102さん,C++|C#|C|.NETFramework|JavaScript|PHP|pukiwiki,""
ID:216さん,vue.js|twig|slim|PHP|CreateJS|angular|Sass|Rails4|Heroku|CoffeeScript,""
ID:290さん,Xcode|VisualStudio|SourceTree|Redmine|QGIS|Python|Octave|Objective-C|MySQL|matlab|jira|Java|GoogleAnalytics|Git|Excel|Eclipse|C++|C|bitbucket|AndroidStudio|Crashlytics|astah|Linux,""
ID:560さん,Symfony|solr|Ruby|Redis|Rails4|PHP|MySQL|centos6|Tomcat|Apache|Java5|James|MiracleLinux,""
ID:606さん,Swift|Perl|Objective-C|iOS|PHP|Java,""
ID:656さん,svm|Ruby|Rails|MySQL|Redmine|Node.js|Memcached|JavaScript|GitLab|Git|Cassandra|Backbone.js,""
ID:856さん,Perl|MySQL|JavaScript,""
ID:934さん,Ruby|Redis|RDS|Rails4|Memcached|EC2|AWS|CloudSearch|TensorFlow|scikit-learn|Python,""
ID:1302さん,Objective-C|PHP|CakePHP|AWS|postgres|CodeIgniter|VB.Net|UNIX|C,""
ID:1404さん,zabbix|Slack|RabbitMQ|Python|openstack|MySQL|Memcached|mariadb|KVM|Jenkins|Git|Django|ChatOps|centos7|Ansible|libvirt|qemu|Ceph|OPCEL|Network|LDAP|dns|chef|aerospike|hardware|Terraform|GoogleCloudPlatform|docker|AWS,""
ID:1434さん,VBA|nginx|MySQL|JavaScript|HTML|CentOS|C#|ASP.NET|Windowsserver2012|IIS|oracle|Delphi|WindowsServer2008,""
ID:1536さん,Python,""
ID:1582さん,svn|oracle|JavaEE|Flex|.NET|jp1|SQL Server|顧客標準を使用|.NETFramework|プロジェクト１のフェーズ２,""
ID:1644さん,Swift|Python|PostgreSQL|Objective-C|Django|websocket|golang|Electron|d3.js|C++,""
ID:1402さん,vagrant|Ruby|RSpec|Rails|PHP|MySQL|laravel5|GitHub|AWS|Ansible|laravel|jsonschema|api|Ansib,""
ID:44さん,NLP|Jenkins|Java|C++|boost|PHP|MySQL|hive|GitHub|Elasticsearch|wercker|Slack|PostgreSQL|Go,""
ID:218さん,Ruby|Rails|MySQL|Memcached|Titanium|solr|Redis|Perl,""
ID:316さん,WebAPI|Tomcat|Subversion|RESTful|PostgreSQL|JUnit|jersey|Java|HTTP|Eclipse|Apache|Symfony|RubyOnRails|Ruby|redux|React|Rails4|PHP|MySQL|Git,""
ID:414さん,PlayFramework|Objective-C|MySQL|Java|AWS|Android|R|JavaScript|HTML5|Scala|Backbone.js|spring-boot|spring|PostgreSQL|Flex,""
ID:512さん,PostgreSQL|JSP|Java|Eclipse|VisualStudio|SQLServer|jQuery|HTML5|C#|ASP.NET|svn|oracle|ActionScript|SQL Server|ASP,""
ID:790さん,RubyOnRails|MongoDB|AWS|AngularJS|Windowsserver|exchangeserver,""
ID:858さん,Symfony|solr|Ruby|Redis|Rails|PostgreSQL|PHP|MySQL|Memcached|jQuery|Ansible|prototypejs|Elasticsearch,""
ID:1238さん,Java|Eclipse|bluetooth|BLE|AndroidStudio|RS232-C|NFC|C|Visual Studio|WindowsCE|Win32API,""
ID:1474さん,ActiveDirectory|Windowsserver|VMwareESXi5.5|Redmine|Redis|nodejs|nginx|Nagios|MySQL|Munin|kubernetes|Jenkins|JavaScript|GitLab|Express|docker|ChatOps|AWS|Ansible|MySQL-MHA|Cacti|zabbix3.0|Percona,""
ID:1686さん,HTML|CSS|C#|Visual Studio|SQL Server|TypeScript|jQuery|react.js|photoshop|JSON|illustrator,""
ID:1794さん,PHP|oracle|JavaScript|Backbone.js|Phal|Subv|Ap|spring|Java|GitHub|Git|aws-cli|AWS|Tom|Apa,""
