ID:1256さん,20代中盤,3,S3|Ruby|route53|Redis|RDS|Node.js|MySQL|fluentd|ElasticBeanstalk|EC2|DynamoDB|docker|common-lisp|chef|Ansible|ElasticLoadBarancer|Ruby|on|Rails|sketch,フリークアウト+ウィザード級|Retty+スター級|Speee+ゴッド級
ID:1488さん,20代後半,4,iOS|Swift2.0|Objective-C,VASILY+ゴッド級|ヤフー+スター級|ペロリ+ゴッド級|Speee+ゴッド級1位
ID:1156さん,30代前半,1,Ruby|Redis|Rails|MySQL|jQuery|JavaScript|Elasticsearch|bootstrap|AWS,Speee+ゴッド級
ID:784さん,30代中盤,2,statistics|MachineLearning|Java,Retty+ウィザード級|Speee+ゴッド級
ID:964さん,30代中盤,3,Ruby|Rails4|PostgreSQL|Maven|JavaScript|Java|GitLab|Git|CoffeeScript|CentOS|capistrano|Backbone.js|Ruby|on|Rails|SQL|spring|solr|Seasar2|S3|RESTful|rails3|OAuth|jersey|JAX-RS|AWS|SAstruts,Speee+ウィザード級|Sansan+スター級|リクルートライフスタイル+ウィザード級
ID:836さん,20代後半,5,Perl|MySQL|Memcached|JavaScript|Apache|CPAN|Swift|S3|Ruby|Redis|Realm|RDS|opsworks|Objective-C|Java|iOS|ImageMagick|ffmpeg|EC2|CloudWatch|chef|AWS|Android|Ruby|on|Rails|RxSwift|Sidekiq|スクラム,フリークアウト+プチリッチ級|ヤフー+スター級|freee+プチリッチ級|ディー・エヌ・エー+ウィザード級|リクルートライフスタイル+ウィザード級
ID:1664さん,30代中盤,6,Perl|iOS|Android|Rails4|Java,フリークアウト+プチリッチ級|Speee+ウィザード級|Retty+プチリッチ級|ヤフー+プチリッチ級|ペロリ+スター級|リクルートライフスタイル+スター級
ID:220さん,30代中盤,7,Swift|Ruby|Rails|Objective-C|Node.js|Linux|JavaScript|iOS|Python|PHP|Perl|Java|flash,フリークアウト+プチリッチ級|BASE+スター級|Retty+ウィザード級|ミクシィ+プチリッチ級|ヤフー+スター級|リクルートライフスタイル+ウィザード級|Speee+ウィザード級
ID:458さん,20代後半,5,scrum|Android|jQuery|JavaScript|iOS|FuelPHP|AWS|Kotlin,Retty+スター級|freee+プチリッチ級|ディー・エヌ・エー+ウィザード級|ペロリ+ウィザード級|リクルートライフスタイル+ウィザード級
ID:358さん,20代中盤,5,Swift|Redis|Perl|nginx|MySQL|Memcached|Linux|Kotlin|JavaScript|Java|XS,フリークアウト+プチリッチ級|Retty+スター級|freee+プチリッチ級|ディー・エヌ・エー+ウィザード級|リクルートライフスタイル+ウィザード級
ID:1098さん,20代中盤,3,Perl|MySQL|Mac|Linux|Jenkins|JavaScript|HTML|CSS|Apache|上に同じ,フリークアウト+プチリッチ級|freee+プチリッチ級|リクルートライフスタイル+ウィザード級
ID:1178さん,20代後半,2,Ubuntu|spring|Selenium2|Sass|Jenkins|JavaScript|Java|IntelliJ|googlecomputeengine|GoogleCloudPlatform|docker-compose|docker|Compass|ClosureLibrary|SeleniumGrid|Redis|nginx|Lua|Ansible|Python2|PowerDNS,freee+ノーマル級|リクルートライフスタイル+ウィザード級
ID:358さん,20代中盤,5,Swift|Redis|Perl|nginx|MySQL|Memcached|Linux|Kotlin|JavaScript|Java|XS,フリークアウト+プチリッチ級|Retty+スター級|freee+プチリッチ級|ディー・エヌ・エー+ウィザード級|リクルートライフスタイル+ウィザード級
ID:1206さん,20代後半,3,機械学習|人工知能|Python|DeepLearning|C++|信号処理|音声処理|matlab|コンピュータビジョン|画像認識,フリークアウト+ウィザード級|Retty+スター級|ヤフー+スター級
ID:1416さん,20代後半,7,Ruby|PHP|nginx|MySQL|Memcached|JavaScript|React|Node.js|C++,フリークアウト+ノーマル級|Retty+ウィザード級|ヤフー+プチリッチ級|freee+スター級|Sansan+ノーマル級|サイバーエージェント（ゲーム事業）+ノーマル級1位|リクルートライフスタイル+ウィザード級
ID:1550さん,30代前半,1,Swift|Objective-C|Java|iOS|Android|websocket|Redmine|Node.js|C|JavaScript|HTML5|grunt|C#|Backbone.js|Azure|iBeacon,リクルートライフスタイル+ウィザード級
ID:1026さん,20代後半,3,Python|nginx|MachineLearning|JavaScript|Go|bigquery|AWS,ミクシィ+ノーマル級|Speee+ウィザード級|リクルートライフスタイル+スター級
ID:80さん,30代中盤,1,Ruby|Rails|PostgreSQL|MessagePack|JavaScript|haml|CoffeeScript|AWS|agile|Terraform|lambda|docker|ES2015|scrum|XP|Solaris|Java|C|Tuxedo|OracleDB|WebLogic,Speee+ウィザード級
ID:596さん,20代後半,4,Socket.io|Redis|Node.js|nginx|MongoDB|Linux|jQuery|JavaScript|ImageMagick|HTML5|GoogleMapsAPI|GitBucket|Git|CSS3|CentOS|YOLP|vue.js|stylus|MySQL|mocha|JMeter|Jade|gulp|CoffeeScript|browserify|bootstrap|Primus.IO|Xcode|Smarty|Slack|Redmine|PHP|PhantomJS|Mackerel|GoogleAnalytics|fluentd|ECMAScript|babel|Apache|ApacheBench|Vegeta|GitHub|AWS|AngularJS|AmazonLinux|PostCSS,フリークアウト+プチリッチ級|Retty+スター級|freee+プチリッチ級|リクルートライフスタイル+ウィザード級
ID:1506さん,30代中盤,2,zabbix|VyOS|VPN|SNS|ShellScript|Security|S3|RDS|postfix|nginx|MySQL|Munin|Linux|lambda|Jenkins|GlusterFS|fluentd|EC2|dns|CloudWatch|CloudFront|CloudFormation|chef|aws-cli|AWS|Apache|ElasticLoadBarancer|SES|Elasticache|WAF|CloudTrail|AWSConfig|ConsolidatedBilling|IAM|OpenLDAP|OpenAM|DirectConnect|専用線|squid|WordPress|twilio|route53|Rails|kibana3|keepalived|haproxy|Elasticsearch|VMwareESXi|国産クラウド|Openvpn|Cacti|PRIMERGYRX200S7|CiscoASA5500,Retty+スター級|ディー・エヌ・エー+ウィザード級
ID:1044さん,30代中盤,3,Slack|RubyOnRails|RuboCop|Hubot|Heroku|GitHub|Elasticsearch|backlog|AWS|Java|Ruby|on|Rails,Sansan+スター級|リブセンス+スター級1位|Speee+ウィザード級
ID:212さん,30代前半,2,Yii|PHP|MySQL|Memcached|JavaScript|Redis|PhpStorm|GitHub|CreateJS|CodeIgniter|AWS|RubyOnRails|RubyMine|Ruby|Kinesis|DynamoDB|Ansible|grape,Retty+ウィザード級|ペロリ+ウィザード級
ID:846さん,20代後半,1,PHP,Retty+ウィザード級
ID:1290さん,30代中盤,6,redshift|Rails4|Node.js|lambda|Java|golang|gcp|DynamoDB|docker|CircleCI|chef|bigquery|AWS|mysql5.6|PHP|Jenkins|FuelPHP|Elasticsearch,フリークアウト+スター級|Retty+スター級|ナイル(旧:ヴォラーレ)+スター級|Sansan+スター級|ペロリ+ウィザード級|リクルートライフスタイル+ウィザード級
ID:40さん,30代前半,2,Swift2.0|SoftLayer|RubyOnRails|Rails4|PostgreSQL|Objective-C|Node|MySQL|jQuery|Heroku|CoffeeScript|AWS|grape|centos6|unicorn|TreasureData|S3|Redis|RDS|opsworks|nginx|fluentd|EC2|Apache|ApachePassenger|ElasticLoadBarancer|Elasticache|nginx1.9|elasticsearch-kibana|Symfony|PHP|CentOS|prototypejs|Ruby|rails3|awk,Sansan+プチリッチ級|ペロリ+ウィザード級
ID:1018さん,30代前半,3,websocket|Tomcat|spring-boot|spring|Redis|nginx|MySQL|Memcached|kibana3|jetty|Jenkins|java8|fluentd|Elasticsearch|Ansible|zabbix|Slack|redshift|packer|Node.js|newrelic|MongoDB|Kinesis|Java|Express.js|CloudWatch|AWS|sqs|Apache|ActiveMQ|JMeter|java7,ヤフー+スター級|ディー・エヌ・エー+ウィザード級|リクルートライフスタイル+ウィザード級
ID:1164さん,30代前半,5,TCP|Redis|Python|MySQL|Django|C#|sqs|TCP/IP|Erlang|Erlang/OTP|Memcached|JavaScript|HTML|CSS|デジタル画像合成|絵文字,BASE+スター級|ヤフー+スター級|ミクシィ+プチリッチ級|ディー・エヌ・エー+スター級|リクルートライフスタイル+ウィザード級
ID:1632さん,30代前半,6,Swift|Ruby|react.js|Rails|Objective-C|Kotlin|Java|Go|es6|Elixir|CoffeeScript|Backbone.js|PhoneGap|JavaScript|iOS|Android,Retty+スター級|ヤフー+スター級|ディー・エヌ・エー+ウィザード級|ペロリ+ウィザード級|リクルートライフスタイル+ウィザード級|Speee+ウィザード級
ID:120さん,30代後半,2,unicorn|RubyOnRails|Ruby|Redis|nginx|MySQL|Elasticsearch|AWS|Ansible|TwitterBootstrap|ActiveMQ|passenger|Ubuntu|Ruby|on|Rails|Rails,ペロリ+ウィザード級|Speee+ウィザード級
ID:1098さん,20代中盤,3,Perl|MySQL|Mac|Linux|Jenkins|JavaScript|HTML|CSS|Apache|上に同じ,フリークアウト+プチリッチ級|freee+プチリッチ級|リクルートライフスタイル+ウィザード級
ID:1044さん,30代中盤,3,Slack|RubyOnRails|RuboCop|Hubot|Heroku|GitHub|Elasticsearch|backlog|AWS|Java|Ruby|on|Rails,Sansan+スター級|リブセンス+スター級1位|Speee+ウィザード級
ID:1578さん,20代後半,6,Terraform|Ruby|Redis|Node.js|MongoDB|Memcached|JMeter|itamae|EC2|capistrano|AWS|Rundeck|Windows|redshift|CloudFormation|tableau,フリークアウト+ノーマル級|ヤフー+プチリッチ級|freee+プチリッチ級|ディー・エヌ・エー+スター級|ミクシィ+ノーマル級|リクルートライフスタイル+スター級
ID:1586さん,30代前半,4,scrum|Scala|Python|Play2|MySQL|Jenkins|Hubot|Haxe|grunt|GitHub|Git|fabric|CoffeeScript|agile|ScalikeJDBC|SkinnyORM|SalaTest|RSpec|knockoutjs|GitLab|Elasticsearch|capistrano|Ruby|on|Rails|Sinatra|Ruby|Objective-C|iPhone|Subversion|SQLite3|JUnit|Java|Android|npm|Node.js|mocha|JavaScript|Express|JSDoc3,Retty+プチリッチ級|ヤフー+プチリッチ級|Sansan+プチリッチ級|ナイル(旧:ヴォラーレ)+スター級1位
ID:234さん,30代前半,4,Ruby|Rails4|JavaScript|JRuby|JavaFX|Go|Ruby|on|Rails,Sansan+プチリッチ級|Speee+スター級|イグニス+ノーマル級|リクルートライフスタイル+スター級
ID:410さん,20代中盤,4,RubyOnRails|itamae|golang|Elasticsearch|Ansible|angular.js|PHP|jQuery|FuelPHP|JavaScript|Ruby|on|Rails,Speee+スター級|Sansan+プチリッチ級|リブセンス+プチリッチ級|リクルートライフスタイル+スター級
ID:1654さん,20代後半,4,PHP|MySQL|mroonga|CodeIgniter|AWS|Swift|Objective-C|Android|spray|Scala|bigquery|Akka|CloudSearch,Speee+スター級|Retty+プチリッチ級|freee+ノーマル級|リクルートライフスタイル+スター級
ID:1798さん,20代中盤,1,Zsh|VirtualDom|vagrant|TypeScript|Terminal|SublimeText3|Slack|sketch|scss|Scala|Sass|RESTful|RequireJS|photoshop|Parallels|npm|Node.js|jQuery|jira|jasmine|iTerm2|HTML5|gulp|GitHub|Git|es6|CSS3|confluence|browserify|brew|Brackets|bootstrap|Bash|ATOM|AngularJS|Ajax|LoDash|Subversion|Java|ImageMagick|git-svn|Eclipse|Android|JSON|JavaScript|canvas|prototypejs|jCanvas|coda|PhoneGap|onsenui|ionic|Cordova|bitbucket|animation|angular.js|awesomefont|関数型言語|スクレイピング|WebDriver|Underscore.js|stylus|SQL|SourceTree|Smarty|SEO|Selenium|scraping|Play2|PHP|MySQL|illustrator|Handlebars|grunt|Groovy|GoogleMapsAPI|googleapi|GoogleAnalytics|geo|Geb|cron|CoffeeScript|CodeIgniter|CakePHP|bookmarklet|Backbone.js|AWS|php.|PHP5|スクラム|fulCalendar|fireworks|アジャイル|SMO|EFO|ビットコイン,BASE+スター級
ID:578さん,30代中盤,2,ZendFramework|vagrant|Terraform|Socket.io|Revel|Redis|PHP|packer|Objective-C|Node.js|nginx|MySQL|JavaScript|golang|gcp|docker|chef|bigquery|Backbone.js|AWS,Retty+スター級|リクルートライフスタイル+スター級
ID:692さん,40代中盤,1,RubyOnRails|Ruby|MySQL|JavaScript|bigquery|AWS|PostgreSQL,Sansan+スター級
ID:1554さん,30代前半,4,RSpec|MySQL|jQuery|Jenkins|capistrano|Ruby|on|Rails|PHP|Memcached|TokyoTyrant,Speee+スター級|ディー・エヌ・エー+スター級|Sansan+プチリッチ級|リクルートライフスタイル+スター級
ID:162さん,30代前半,2,PHP|oracle|C++|riak|haproxy|Erlang,ヤフー+スター級|リクルートライフスタイル+スター級
ID:708さん,20代後半,3,Ruby|redux|react.js|Rails|vue.js,freee+ノーマル級|Sansan+ノーマル級|リクルートライフスタイル+スター級
ID:844さん,20代後半,4,Vim|solr|Slack|Sensu|Ruby|RDS|nginx|haproxy|GitHub|fluentd|docker|AWS|PagerDuty|OpenResty|Ruby|on|Rails|zabbix|PHP|Nagios|MySQL|CodeIgniter|CentOS|Apache|centos6,freee+プチリッチ級|Sansan+スター級|Speee+スター級|リクルートライフスタイル+スター級
ID:288さん,30代前半,4,Unity3D|uGUI|SQLite3|Redis|nginx|MySQL|Memcached|Jenkins|golang|Apache|PHP5.5|Python2|unity5|php5.6|aws-ec2|aws-elaticache|protobuf|Unity|Python|PHP|iOS|Android,Retty+スター級|ディー・エヌ・エー+スター級|リブセンス+プチリッチ級|リクルートライフスタイル+スター級
ID:492さん,20代後半,3,Sass|Perl|Jade|ionic|HTML5|CSS3|Cordova|AngularJS|Objective-C|Java|Android|wowza|onsenui|less|AWS|angular|Ruby|on|Rails|phina.js,フリークアウト+ノーマル級|freee+プチリッチ級|リクルートライフスタイル+スター級
ID:1008さん,30代中盤,7,Underscore.js|Titanium|JavaScript|iOS|Android|PHP5.5|Ruby|RSpec|Redis|rack|nginx|jQuery|GoogleBigQuery|GoogleAppEngine|fluentd|Ansible|Ruby|on|Rails,Retty+スター級|VASILY+プチリッチ級|ヤフー+ノーマル級|ミクシィ+ノーマル級|ディー・エヌ・エー+スター級1位|リブセンス+プチリッチ級|リクルートライフスタイル+スター級
ID:1390さん,20代後半,4,jsonschema|fastlane|CircleCI|Ansible|Ruby|on|Rails|RAML|Java|cocos2dx|Objective-C++|JNI|Objective-C|iOS|cocos2d|Android,freee+ノーマル級|Sansan+プチリッチ級|ディー・エヌ・エー+プチリッチ級|リクルートライフスタイル+スター級
ID:1432さん,20代中盤,2,Redis|Rails|MySQL|CentOS|angular.js|C#|ASP.NET|SQL|Server,freee+プチリッチ級1位|リクルートライフスタイル+スター級
ID:1562さん,30代中盤,7,S3|Ruby|Redis|PHP|newrelic|MySQL|mroonga|Memcached|Java|GitHub|docker|Datadog|CircleCI|CakePHP|AWS|Apache|Android|CloudSearch|Ruby|on|Rails|Symfony|Sinatra|Python|nginx|Elasticsearch|Django|Ansible|TokyoTyrant,Retty+スター級|ヤフー+プチリッチ級|BASE+スター級|ディー・エヌ・エー+スター級|Sansan+スター級|ミクシィ+プチリッチ級|リブセンス+プチリッチ級
ID:732さん,20代後半,3,vue.js|svn|SublimeText|Redmine|Redis|PowerShell|jQuery|JavaScript|HTML|Git|devops|CSS|C#|bitbucket|.NETFramework|MVC.NET|Windowsserver|Visual|Studio|IIS|pex.js|Fiddler|Powershell-DSC|SQLServer|PHP|MySQL|Mercurial|Cisco|Apache|Nessus,freee+ノーマル級|Sansan+プチリッチ級|リクルートライフスタイル+スター級
ID:1406さん,20代後半,4,vagrant|Swift|Ruby|RSpec|Rails|Objective-C|Java|iOS|Android|Rails4|bluetooth|angular.js,Retty+プチリッチ級|ミクシィ+プチリッチ級|Sansan+ノーマル級|ペロリ+スター級
ID:1448さん,30代前半,2,zabbix|Varnish|Redmine|Redis|Munin|keepalived|GitLab|fluentd|docker|Bash|aws-cli|Ansible|AmazonLinux|centos6|php7|mysql5.1|mysql5.6|php5.3|php5.6|nginx1.9|pound|aws-ec2|aws-cloudfront|aws-rds|aws-elaticache|aws-route53|aws-cloudformation|elasticsearch-kibana|apache-mod_php|aws-rds-aurora,Retty+スター級|ディー・エヌ・エー+スター級
ID:456さん,20代中盤,2,unicorn|Ruby|RSpec|Redis|React|Rails|nginx|MySQL|monit|jQuery|Jenkins|JavaScript|GitHub|Git|fluentd|chef|CentOS|Capybara|capistrano|bigquery|Rails4|Heroku,Sansan+プチリッチ級|リクルートライフスタイル+スター級
ID:766さん,20代後半,5,Revel|Redis|JavaScript|gulp|golang|d3.js|browserify|babel|ES2015|Jenkins|GitLab|ChatOps,Retty+スター級|VASILY+プチリッチ級|freee+ノーマル級|ナイル(旧:ヴォラーレ)+プチリッチ級|リクルートライフスタイル+スター級
ID:1538さん,30代前半,8,Unity|SQLite3|Redis|python3|nginx|MySQL|Memcached|Linux|Jenkins|GitHub|Flask|C#|eginx|uwsgi|PHP|Apache,Retty+スター級|ミクシィ+プチリッチ級1位|ディー・エヌ・エー+スター級|リブセンス+プチリッチ級|BASE+ノーマル級|サイバーエージェント（ゲーム事業）+ノーマル級|リクルートライフスタイル+スター級|クルーズ+プチリッチ級
ID:132さん,30代前半,5,Xcode|Objective-C|Java|Eclipse|AppCode|DBFlute|XCode7|Swift2|java8,Retty+スター級|ミクシィ+プチリッチ級|ヤフー+スター級|ペロリ+スター級|リクルートライフスタイル+スター級
ID:230さん,20代後半,3,VisualStudio|KVS|JavaScript|HTML|GitLab|C#|bootstrap|Azure|ASP.NET_MVC|.NETFramework|.NET|AzureSQLDatabase|VSTS|PowerBI|SharepointOnline|Trello|SQLServer|Slack|Redmine|EntityFramework|WindowsServer2008|Xamarin|iOS|HTML5|Android|AzureMobileService|svn|Java|Eclipse,Retty+ノーマル級|Sansan+プチリッチ級|リクルートライフスタイル+スター級
ID:424さん,20代中盤,3,RubyOnRails|JavaScript|HTML|CSS|Objective-C|CoreData|CocoaPods|webpack|Swift2|Swift|slim|sketch|react.js|React|photoshop|illustrator|haml|gulp|CoffeeScript|capistrano|angular.js,Retty+プチリッチ級|リブセンス+プチリッチ級|ペロリ+スター級
ID:1118さん,20代後半,5,Underscore.js|Sass|Perl|MySQL|Marionette.js|jira|JavaScript|HTML5|gulp|CSS|confluence|CoffeeScript|Backbone.js|Symfony|PHP|photoshop|HTML,フリークアウト+プチリッチ級|Retty+プチリッチ級|ヤフー+プチリッチ級|freee+プチリッチ級|リクルートライフスタイル+スター級
ID:1426さん,20代中盤,3,機械学習|VisualStudio|samba|S3|MySQL|JavaScript|Java|Hyper-V|hive|GitHub|chatwork|CentOS|C#|backlog|AWS|Windowsserver|aerospike|RaspberryPi|Linux|d3.js|Ajax|chart.js,フリークアウト+ノーマル級|Retty+プチリッチ級|リクルートライフスタイル+スター級
ID:1410さん,20代前半,2,less|gulp|ESLint|CircleCI|browserify|babel|ava|reactnative|CoffeeScript|ATOM,freee+ノーマル級|Speee+スター級
ID:1084さん,20代後半,3,Java|C#|unicorn|scss|Ruby|PostgreSQL|nginx|jQuery|Jenkins|JavaScript|HTML5|Heroku|GitHub|Git|EC2|CSS3|CoffeeScript|bootstrap|backlog|AWS|Ruby|on|Rails|slim|RSpec,ディー・エヌ・エー+プチリッチ級|Sansan+ノーマル級|ペロリ+スター級
ID:1618さん,20代後半,2,TypeScript|Swift|Sass|Python|Java|HTML|CSS3|CSS|Cordova|C++|Javascri,freee+ノーマル級|リクルートライフスタイル+スター級
ID:1462さん,30代前半,2,C++|C|ActionScript3|Win32API|PHP|負荷分散処理,Retty+プチリッチ級|リクルートライフスタイル+スター級
ID:1738さん,40代前半,1,VBScript|Subversion|solr|Ruby|Redis|nginx|AWS|Apache|Ruby|on|Rails|IIS|SQL|Server|mysql5.6|ZendFramework|Smarty|PHP5|mysql5.1|Tomcat|Seasar2|oracle|jsf|Java5|spring|MySQL,Sansan+スター級
ID:162さん,30代前半,2,PHP|oracle|C++|riak|haproxy|Erlang,ヤフー+スター級|リクルートライフスタイル+スター級
ID:708さん,20代後半,3,Ruby|redux|react.js|Rails|vue.js,freee+ノーマル級|Sansan+ノーマル級|リクルートライフスタイル+スター級
ID:844さん,20代後半,4,Vim|solr|Slack|Sensu|Ruby|RDS|nginx|haproxy|GitHub|fluentd|docker|AWS|PagerDuty|OpenResty|Ruby|on|Rails|zabbix|PHP|Nagios|MySQL|CodeIgniter|CentOS|Apache|centos6,freee+プチリッチ級|Sansan+スター級|Speee+スター級|リクルートライフスタイル+スター級
ID:1332さん,30代前半,1,swagger|Rx|Redis|Jenkins|Git|C#|bitbucket|ASP.NET_MVC|.NETFramework|dapper|Windowsserver2012|Visual|Studio|IIS|ReSharper|SQL|Server|StackExchange.Redis|Jil|NLog|AdoNetProfiler|Glimpse|SSMS|SourceT|SourceTree|ASP.NET|JSON.NET|StackExchangre.Redis|Bitbu,Sansan+スター級
ID:1232さん,30代中盤,2,Xcode|Objective-C|MySQL|Linux|Apache|HLS|決済|In-App|Purchase|WindowsServer2008|Silverlight|kohana|AdobeFMS|PlayReadyDRM|クレジットカード決済|ビッチキャッシュ決済|mBaas|iBeacon|Eclipse|CocoaPods|Android|beacon|o2o|OAuth|キャリア決済|nginx|Memcached|ionic|docker|Cordova|Ansible|AngularJS,Retty+スター級|ディー・エヌ・エー+プチリッチ級
ID:124さん,30代中盤,1,unicorn|Ruby|Rails|PHP|nginx|MySQL|jQuery|GoogleBigQuery|GoogleAppsScript|Go|CakePHP|Apache|プロジェクト1とほぼ変わらず,Sansan+スター級
ID:1674さん,30代前半,2,ZendFramework|spring|PHP|Java|Slack|Scala|Sass|Play2|Hubot|HTML5|Haxe|fabric|react.js|Haskell|angular.js,ナイル(旧:ヴォラーレ)+スター級|Sansan+プチリッチ級
ID:198さん,20代後半,1,Redis|RDS|Perl|MySQL|Mackerel|GitHub|esa.io|EC2|Backbone.js|Amon2|Elasticache|Qiita:Team|App::Koyomi|reveal.js|vagrant|serverspec|hipchat|bitbucket|Ansible|Test::More,フリークアウト+プチリッチ級
ID:1336さん,20代中盤,1,MySQL|kibana|fluentd|Elasticsearch|AWS|CloudSearch|php5.7|phalconphp|PhantomJS|Node.js|mocha|jQuery|Express.js|power-assert|Sails|Realm|reactnative|react.js|Firebase,リブセンス+プチリッチ級
ID:1670さん,30代前半,2,struts2|spring|oracle|jQuery|Java|Hiberna|Websphe|PostgreSQL|PHP|CakePHP|SQLSer|jetty|SQLServer|C#|ASP.NET_MVC|ASP.NET|WindowsServer2008|jquer|Tomcat|DynamoDB|AWS|Apache|Aurora|akama,ヤフー+プチリッチ級|Sansan+プチリッチ級
ID:840さん,30代前半,2,Ruby|PHP|Java,Retty+プチリッチ級|Sansan+プチリッチ級
ID:210さん,30代前半,1,struts2|oracle|Java|DB2|Swift|Ruby|Redis|rails3|Objective-C|MongoDB|Memcached|Jenkins|capistrano|AWS|Rails4,Sansan+プチリッチ級
ID:1218さん,20代後半,2,XCode7|Swift2|S3|Perl|NetBeans|MySQL|lambda|JAX-RS|Java|iOS|glassfish|EC2|DynamoDB|AWS|APIGateway|Apache|AndroidStudio|Android|sqlite|flash|as3|Wicket|JavaScript|AngularJS,フリークアウト+プチリッチ級|Retty+ノーマル級
ID:1110さん,30代前半,1,mariadb|laravel5|PHP5.5|SendGrid|scrum|Redmine|PostgreSQL|laravel|jQuery|JavaScript|GoogleMapsAPI|GoogleAnalytics|CSS3|backlog|php5.3|ethna,Retty+プチリッチ級
ID:654さん,30代中盤,4,ShellScript|Redis|PHP|nginx|ElasticBeanstalk|EC2|DynamoDB|AWS|Apache,ヤフー+プチリッチ級|Sansan+プチリッチ級|BASE+ノーマル級|リブセンス+プチリッチ級
ID:536さん,30代後半,3,vi|Unity2D|Redis|PHP|nginx|MySQL|Memcached|Linux|FuelPHP|Eclipse|C#|ATOM|Visual|Studio|jQuery|Java|HBase|Apache|Symfony|NetBeans|ASP.NET_MVC|ASP.NET,ディー・エヌ・エー+プチリッチ級|サイバーエージェント（ゲーム事業）+ノーマル級|クルーズ+プチリッチ級
ID:1254さん,30代後半,1,PHP|oracle|Java|MySQL|Unity|vue.js,リブセンス+プチリッチ級
ID:1452さん,20代中盤,3,SQL|jQuery|JavaScript|HTML5|CSS3|bootstrap|AWS|Ruby|on|Rails|Redis,VASILY+プチリッチ級|freee+プチリッチ級|Sansan+プチリッチ級
ID:198さん,20代後半,1,Redis|RDS|Perl|MySQL|Mackerel|GitHub|esa.io|EC2|Backbone.js|Amon2|Elasticache|Qiita:Team|App::Koyomi|reveal.js|vagrant|serverspec|hipchat|bitbucket|Ansible|Test::More,フリークアウト+プチリッチ級
ID:1336さん,20代中盤,1,MySQL|kibana|fluentd|Elasticsearch|AWS|CloudSearch|php5.7|phalconphp|PhantomJS|Node.js|mocha|jQuery|Express.js|power-assert|Sails|Realm|reactnative|react.js|Firebase,リブセンス+プチリッチ級
ID:1670さん,30代前半,2,struts2|spring|oracle|jQuery|Java|Hiberna|Websphe|PostgreSQL|PHP|CakePHP|SQLSer|jetty|SQLServer|C#|ASP.NET_MVC|ASP.NET|WindowsServer2008|jquer|Tomcat|DynamoDB|AWS|Apache|Aurora|akama,ヤフー+プチリッチ級|Sansan+プチリッチ級
ID:840さん,30代前半,2,Ruby|PHP|Java,Retty+プチリッチ級|Sansan+プチリッチ級
ID:1072さん,20代後半,3,Swift|PHP|MySQL|jQuery|JavaScript|iOS|GitHub|FuelPHP|Python|nginx|Java|AWS|NinjaWebFramework|JSON|Apache|Ajax,BASE+プチリッチ級|Retty+プチリッチ級|freee+ノーマル級
ID:1430さん,30代前半,1,redux|React|nodejs|MySQL|Jenkins|HTML5|GitHub|flux|ffmpeg|Express.js|es6|docker|centos6|Akamai|Salesforce|RDS|PHP|PhantomJS|MongoDB|laravel5|jQuery|Git|fluentd|EC2|casperJs|AWS|FuelPHP|ZendFramework|flash|CentOS|ShellScript|PostgreSQL,Retty+プチリッチ級
ID:96さん,20代中盤,2,websocket|webpack|vue.js|scss|Ruby|Rails4|MaterialDesign|JavaScript|HTML5|gulp|GitHub|Git|CSS3|AWS|React|Heroku|bootstrap,Retty+プチリッチ級|freee+プチリッチ級
ID:1140さん,30代後半,1,S3|onsenui|Node.js|MongoDB|ionic|IntelliJ|grunt|Git|Express|Cordova|AWS|AngularJS|SES|scipy|scikit-learn|Python|numpy|MySQL|Jenkins|cocos2d-x|C++,Retty+プチリッチ級
ID:1264さん,30代中盤,1,Redis|PHP|nginx|MySQL|cakephp3|backlog|AWS|Memcached|FuelPHP|MongoDB|CakePHP,Retty+プチリッチ級
ID:804さん,30代中盤,1,Symfony|PHP|MySQL|jQuery|Ruby|RSpec|Rails4|nginx|itamae|FactoryGirl|capistrano|bootstrap|angular.js|Rails|Mithril.js,リブセンス+プチリッチ級
ID:1072さん,20代後半,3,Swift|PHP|MySQL|jQuery|JavaScript|iOS|GitHub|FuelPHP|Python|nginx|Java|AWS|NinjaWebFramework|JSON|Apache|Ajax,BASE+プチリッチ級|Retty+プチリッチ級|freee+ノーマル級
ID:1430さん,30代前半,1,redux|React|nodejs|MySQL|Jenkins|HTML5|GitHub|flux|ffmpeg|Express.js|es6|docker|centos6|Akamai|Salesforce|RDS|PHP|PhantomJS|MongoDB|laravel5|jQuery|Git|fluentd|EC2|casperJs|AWS|FuelPHP|ZendFramework|flash|CentOS|ShellScript|PostgreSQL,Retty+プチリッチ級
ID:96さん,20代中盤,2,websocket|webpack|vue.js|scss|Ruby|Rails4|MaterialDesign|JavaScript|HTML5|gulp|GitHub|Git|CSS3|AWS|React|Heroku|bootstrap,Retty+プチリッチ級|freee+プチリッチ級
ID:604さん,30代中盤,1,Xcode|Swift|Redmine|Rails|Objective-C|Git|AWS|iOS|GitHub|CircleCI,ヤフー+プチリッチ級
ID:1076さん,20代中盤,1,Ruby|Rails|JavaScript|HTML|MySQL|AWS|CoffeeScript|PHP|Electron,freee+プチリッチ級
ID:1230さん,30代前半,2,zabbix|Ubuntu|S3|RDS|nginx|MySQL|FuelPHP|EC2|CloudFront|centos7|Bash|AWS|Apache|ElasticLoadBarancer|Aurora|WAF|Tomcat|PostgreSQL|Perl|Nagios|DynamoDB|CloudFormation|jp1|Terasoluna|Elasticache|tableau,Retty+プチリッチ級|サイバーエージェント（ゲーム事業）+ノーマル級
ID:806さん,30代前半,2,spring-boot|spring|spock|RESTful|Redis|oracle|JUnit|java8|Groovy|Elasticsearch|docker|CI|TeamCity|DBUnit|AWS,Retty+プチリッチ級|サイバーエージェント（ゲーム事業）+ノーマル級
ID:1616さん,30代中盤,2,SQLServer|Sphinx|solr|Redis|Python|hive|hadoop|chef|Apache|spring-boot|Java|ManifoldCF,Retty+プチリッチ級|ヤフー+プチリッチ級
ID:1442さん,30代中盤,3,Subversion|Smarty|RESTful|Redmine|PHP|Perl|MySQL|Memcached|Linux|jQuery|JavaScript|CentOS|Apache|CAFIS|CARDNET|Solaris|ZendFramework|WebAPI|C#|ASP.NET|.NETFramework|Visual|Studio|Silverlight|SQL|Server|IlS,Retty+プチリッチ級|クルーズ+プチリッチ級|BASE+ノーマル級
ID:1140さん,30代後半,1,S3|onsenui|Node.js|MongoDB|ionic|IntelliJ|grunt|Git|Express|Cordova|AWS|AngularJS|SES|scipy|scikit-learn|Python|numpy|MySQL|Jenkins|cocos2d-x|C++,Retty+プチリッチ級
ID:1264さん,30代中盤,1,Redis|PHP|nginx|MySQL|cakephp3|backlog|AWS|Memcached|FuelPHP|MongoDB|CakePHP,Retty+プチリッチ級
ID:804さん,30代中盤,1,Symfony|PHP|MySQL|jQuery|Ruby|RSpec|Rails4|nginx|itamae|FactoryGirl|capistrano|bootstrap|angular.js|Rails|Mithril.js,リブセンス+プチリッチ級
ID:1614さん,20代中盤,1,unicorn|Redis|Rails|mariadb|capistrano|api|highcharts|Excel|aws-ec2|aws-rds,Sansan+プチリッチ級
ID:1758さん,30代前半,3,ZendFramework|PhpStorm|PHP|Git|svn|Eclipse|C++,Retty+ノーマル級|サイバーエージェント（ゲーム事業）+ノーマル級|クルーズ+ノーマル級
ID:504さん,30代前半,1,spring-boot|Seasar2|PowerShell|Jenkins|Java|Azure|AzureSQLDatabase|PHP|jQuery|JavaScript|CodeIgniter|AzureCache(Redis)|ZooKeeper|solr|PHPUnit|MongoDB|capistrano,Retty+ノーマル級
ID:1524さん,20代後半,1,PostgreSQL|PHP|Memcached|jQuery|GitLab|Emacs|centos6|CakePHP2|pacemaker|AWS|Apache,Retty+ノーマル級
ID:1022さん,30代前半,1,Symfony2|Redis|MySQL|MongoDB|Memcached|Cassandra|kumofs,Retty+ノーマル級
ID:534さん,20代後半,2,Kibana4|fluentd|Elasticsearch|Tomcat|Redis|Python|MySQL|kernel|haproxy|aws-cli|AWS|Apache|ganglia|Akamai|Xen|awk|tcpdump|Git|Bash|Ansible,VASILY+ノーマル級|Retty+ノーマル級
ID:1722さん,30代後半,1,Redis|nginx|newrelic|MySQL|Jenkins|Ruby|on|Rails|iOS|Android,Retty+ノーマル級
ID:380さん,20代中盤,3,MySQL|Linux|Java|AWS|RubyOnRails|Ruby|Objective-C,Retty+ノーマル級|freee+ノーマル級|イグニス+ノーマル級
ID:206さん,30代中盤,2,Perl|MySQL|jQuery|AWS|Ajax|SQLServer|Objective-C|HTML5|CSS3|C#|.NETFramework|MVC.NET,フリークアウト+ノーマル級|Retty+ノーマル級
ID:264さん,30代前半,1,PHP|MySQL|CloudFront|AWS|Python2,Retty+ノーマル級
ID:598さん,30代後半,1,SQLServer|LINQ|jQuery|JavaScript|Git|EntityFramework|C#|AWS|ASP.NET|sitecore|dapper|DMS|WordPress|vagrant|TypeScript|PHP|mariadb|Linux,Retty+ノーマル級
ID:644さん,20代中盤,2,Unity|iOS|Android|laravel|PHP5.5,freee+ノービス級|リブセンス+ノーマル級
ID:760さん,20代後半,2,Ruby|Rails|Embulk|AWS|solr|Redis,freee+ノーマル級|イグニス+ノーマル級
ID:174さん,30代後半,1,PHP|Perl|MySQL|Linux|Apache|RubyOnRails|Mongo,Retty+ノーマル級
ID:1096さん,20代後半,1,RSpec|Redis|Rails|MySQL|jQuery|JavaScript|es6|bower|bootstrap|LoDash|unicorn|nginx|PostgreSQL|npm|gulp|CapeJS,freee+ノーマル級
ID:1556さん,20代中盤,2,Ruby|MySQL|Linux|KVM|keepalived|iptables|Apache|lvm|hartbeat|法人用スイッチ|ppp|nfs|pxe|kdump|crash|route53|Go|AWS|IAM|AWS-SDK,Retty+ノーマル級|freee+ノーマル級
ID:1558さん,20代後半,1,VB|Tomcat|svn|oracle|JavaScript|Java|HTML|Git|CSS|C++|.NETFramework|SAstruts|JSON|C#|WindowsCE|.NETCompactFramework|SQLite3|Ruby|bitbucket|Ruby|on|Rails|Node.js|GitHub|Electron,リブセンス+ノーマル級
ID:1706さん,30代中盤,2,Xcode|Objective-C|Java|GitLab|AndroidStudio|vue.js|SNS|S3|lambda|JavaScript|Cordova|APIGateway|Perl|nginx|Memcached|jQuery|grunt|bower|plack,フリークアウト+ノーマル級|クルーズ+ノーマル級
ID:174さん,30代後半,1,PHP|Perl|MySQL|Linux|Apache|RubyOnRails|Mongo,Retty+ノーマル級
ID:1096さん,20代後半,1,RSpec|Redis|Rails|MySQL|jQuery|JavaScript|es6|bower|bootstrap|LoDash|unicorn|nginx|PostgreSQL|npm|gulp|CapeJS,freee+ノーマル級
ID:1584さん,20代後半,1,PHP|MySQL|jQuery|JavaScript|CentOS|CakePHP|solr|Smarty|Redis|Memcached|Elasticsearch|自社フレームワーク|RDS|laravel5|AmazonLinux|Aurora|Elasticache|Swift2,Retty+ノーマル級
ID:1628さん,30代中盤,1,Tomcat|Subversion|struts2|spring|MySQL|Maven|jQuery|Jenkins|Debian|CentOS|Apache|Java5|freemarker|Redis|PHP|JavaScript|HTML|Git|Play2|java8|GitLab|bootstrap|AWS|AngularJS,Retty+ノーマル級
ID:522さん,20代後半,1,unity5|C#|openFrameworks|C++,Sansan+ノーマル級
ID:1162さん,20代後半,1,slick|Scala|Play2|nginx|MySQL|Memcached|Linux|JavaEE|Java|DB2|WebSphere|oracle|SAstruts,Retty+ノーマル級
ID:1330さん,20代後半,2,VBScript|ShellScript|PostgreSQL|PHP|JavaScript|CSS|Azure|ActiveDirectory|SAML|SQL|Server|RaspberryPi|Python|Perl|MovableType|HTML|PowerCMS,Retty+ノーマル級|クルーズ+ノーマル級
ID:1732さん,20代中盤,1,Vim|vi|teraterm|Perl|InternetExplorer|Eclipse|Cisco|CentOS|C++|Windowsserver|VisualBasic|Vmware|ESXi|TCP/IP|checkpoint|terapad|Syslog|Ubuntu|MySQL|HTML|CSS|Apache|Cacti|mrtg|パトロールクラリス|Linux|FortiGate|zabbix|WordPress|Wireshark|Windows|S3|PHP|MacOSX|EC2|chatwork|backlog|AWS|ActiveDirectory|FFFTP|WindowsServer2008|Windowsserver2012|pukiwiki|rtx1200|exping|winscp,クルーズ+ノービス級
ID:702さん,20代前半,1,Symfony|svn|Slack|Redmine|Redis|Phalcon|MySQL|bitbucket|AWS|PHP|Git|Xcode|Objective-C|GitHub|illustrator|Genymotion|AndroidStudio|Android,freee+ノービス級
ID:86さん,30代前半,0,zabbix|SublimeText|Slack|Sass|Revel|Redmine|Redis|React|nginx|mariadb|Jenkins|IntelliJ|HTML5|hack|gulp|golang|FuelPHP|es6|docker|CSS|babel|ATOM|AndroidStudio|Trello|solr|RabbitMQ|PHP|NetBeans|MySQL|jira|grunt|confluence|CodeIgniter,""
ID:382さん,20代中盤,0,RubyOnRails|Ruby|jQuery|JavaScript|HTML|CSS|angular.js|slim|Java|haml,""
ID:546さん,20代後半,0,WordPress|websocket|Scala|S3|PlayFramework|PHP|nginx|MySQL|Linux|jQuery|JavaScript|HTML5|CSS3|bootstrap|Apache|Akka|Ajax|VisualStudio|Salesforce|HTML,""
ID:704さん,40代前半,0,Unity3D|OpenCV|Kinect|java|Perl,""
ID:896さん,30代後半,0,ShellScript|PHP|MySQL|Linux|JavaScript|C++|C|Apache|Tomcat|PostgreSQL|Perl|oracle|nginx|Java|CentOS|ZendFramework|TDD|SeleniumIDE|PHPUnit|jQueryMobile|jQuery|Jenkins|Facebook|capistrano|TokyoTyrant|NiftyCloud|BDD|Symfony|RubyOnRails|TreasureData|scikit-learn|S3|Redis|Rails4|Python|Presto|mecab|hive|Heroku|hadoop|Elasticsearch|AWS|hivemall,""
ID:982さん,20代中盤,0,TypeScript|react.js|Node.js|Express.js|Elasticsearch|AWS|angular.js|Swift|Java|iOS|Android,""
ID:1066さん,30代後半,0,Sass|jira|Jenkins|grunt|Git|Backbone.js|gulp|babel|Ruby|on|Rails|redux|React|PostCSS,""
ID:1338さん,20代後半,0,JavaScript|gulp|CSS|ClosureLibrary|ZendFramework|PHP|MySQL|Linux|Apache|EC-CUBE|TwitterBootstrap|Smarty|PostgreSQL|GoogleAnalytics|PHP5|GoogleTagManager,""
ID:1428さん,30代前半,0,EntityFramework|C#|Azure|ASP.NET_MVC|PHP|MySQL|CakePHP,""
ID:1508さん,20代後半,0,React|Haskell|ECMAScript6|servant|機械学習|Python|OpenCV|tesseract-OCR,""
ID:1652さん,20代後半,0,PHPUnit|PDO|JavaScript|C++|AWS|PHP5|自社db|Ssl|Lua|HTTP|HTML|PHP|jQuery|Apache|sendmail|office365|googleapps,""
ID:1360さん,20代中盤,0,Windows|VisualStudio|VB.Net|SQL|MFC|C++|C#|.NETFramework|TCP/IP|UDP|OracleDB|sqlite|Access|Visual|Studio|VB6,""
ID:88さん,30代前半,0,photoshop|Mac|JavaScript|illustrator|HTML5|HTML|flash|CSS3|CSS|sketch|PHP|Git,""
ID:402さん,30代前半,0,Vim|Symfony|shell|PHP|JavaScript|iOS|HTML5|Git|CSS3|Android|VirtualBox|vagrant|Trello|Swift2.0|Slack|laravel5|Java|bitbucket|Ansible|AndroidStudio,""
ID:482さん,30代前半,0,C言語|Java|Elasticsearch|CakePHP,""
ID:552さん,20代後半,0,PHP|JavaScript,""
ID:600さん,40代中盤,0,C++|C|Java|JavaScript,""
ID:648さん,20代後半,0,Redmine|PHP|JavaScript|HTML|CSS|Facebook,""
ID:1434さん,30代中盤,0,VBA|nginx|MySQL|JavaScript|HTML|CentOS|C#|ASP.NET|Windowsserver2012|IIS|oracle|Delphi|WindowsServer2008,""
ID:1276さん,30代前半,0,oracle|Linux|Java|JavaScript|RESTful|Python|nginx|MySQL|AWS|spring|postgres|Hibernate|JSP|jQueryMobile|jQuery,""
ID:1702さん,40代前半,0,SQL|Python|C++|boost|Bash,""
ID:44さん,40代前半,0,NLP|Jenkins|Java|C++|boost|PHP|MySQL|hive|GitHub|Elasticsearch|wercker|Slack|PostgreSQL|Go,""
ID:218さん,30代前半,0,Ruby|Rails|MySQL|Memcached|Titanium|solr|Redis|Perl,""
ID:316さん,20代後半,0,WebAPI|Tomcat|Subversion|RESTful|PostgreSQL|JUnit|jersey|Java|HTTP|Eclipse|Apache|Symfony|RubyOnRails|Ruby|redux|React|Rails4|PHP|MySQL|Git,""
ID:414さん,30代後半,0,PlayFramework|Objective-C|MySQL|Java|AWS|Android|R|JavaScript|HTML5|Scala|Backbone.js|spring-boot|spring|PostgreSQL|Flex,""
ID:512さん,20代中盤,0,PostgreSQL|JSP|Java|Eclipse|VisualStudio|SQLServer|jQuery|HTML5|C#|ASP.NET|svn|oracle|ActionScript|SQL|Server|ASP,""
ID:790さん,20代後半,0,RubyOnRails|MongoDB|AWS|AngularJS|Windowsserver|exchangeserver,""
ID:858さん,30代前半,0,Symfony|solr|Ruby|Redis|Rails|PostgreSQL|PHP|MySQL|Memcached|jQuery|Ansible|prototypejs|Elasticsearch,""
ID:772さん,30代後半,0,Ruby|Rails4|Objective-C|Java|cocos2d-x|C++11|PHP|VisualStudio|RubyOnRails|C++|C,""
ID:916さん,20代後半,0,JUnit|Java|SQL|PostgreSQL|DB,""
ID:1516さん,30代前半,0,Socket.io|Ruby|Node.js|GitHub|CoffeeScript|backlog|AWS|Ruby|on|Rails|vagrant|EngineYard,""
ID:1560さん,40代前半,0,Slack|Java|Git|AWS|AndroidStudio|Android|Ruby|on|Rails|Ecli|svn|backlog,""
ID:1784さん,30代前半,0,Spark|hive|hadoop|CentOS|Ansible|impala|Xen|Vmware|ESXi|ActiveDirectory|IIS,""
ID:102さん,20代後半,0,C++|C#|C|.NETFramework|JavaScript|PHP|pukiwiki,""
ID:216さん,30代後半,0,vue.js|twig|slim|PHP|CreateJS|angular|Sass|Rails4|Heroku|CoffeeScript,""
ID:290さん,30代中盤,0,Xcode|VisualStudio|SourceTree|Redmine|QGIS|Python|Octave|Objective-C|MySQL|matlab|jira|Java|GoogleAnalytics|Git|Excel|Eclipse|C++|C|bitbucket|AndroidStudio|Crashlytics|astah|Linux,""
ID:560さん,30代後半,0,Symfony|solr|Ruby|Redis|Rails4|PHP|MySQL|centos6|Tomcat|Apache|Java5|James|MiracleLinux,""
ID:606さん,30代中盤,0,Swift|Perl|Objective-C|iOS|PHP|Java,""
ID:580さん,40代前半,0,C++|68000アセンブラ|MS-DOS|486アセンブラ|PHP|MySQL|Memcached,""
ID:614さん,20代後半,0,SQL|spring|Linux|Java|sybase|DB2|Jenki|Fitnesse|SybaseIQ|Sikuli|Spring-Integration|RequireJS|JAX-RS|JavaScript|AngularJS,""
ID:742さん,30代前半,0,Xcode|websocket|WebAPI|Objective-C|iOS|UPnP|DLNA|画像処理|Swift2.0|CocoaPods,""
ID:822さん,30代中盤,0,Perl|C++|Python,""
ID:878さん,30代前半,0,VB.Net|SQLServer|Seasar2|Java|oracl,""
ID:1116さん,20代後半,0,unity5|openFrameworks|OpenCV|Arduino|測域センサ|距離センサ|マイク入力|プロジェクションマッピング|LTC|DMX|UDP|OculusRift|KinectV2|Ovrvision|FinalIK|LeapMotion(Orion)|心電センサ|ZigBeeモジュール|ソレノイドバルブ|ポンプ|PostgreSQL|PHP|Linux|JavaScript|HTML|CSS|CentOS,""
ID:1192さん,20代後半,0,Subversion|Makefile|Cygwin|C++|C|Mantis|Assembler|Ubuntu|Redmine|Java|Excel|Emacs|Eclipse|Android|Vim|Git|AndroidStudio|WPF|Python|GAE|C#|.NETFramework|WCF,""
ID:1320さん,30代後半,0,WPF|C#|ASP.NET_MVC|PHP|BML|jQuery,""
ID:1412さん,30代中盤,0,Symfony|PHP|jQuery|JavaScript|Cucumber|knockoutjs,""
ID:1474さん,30代前半,0,ActiveDirectory|Windowsserver|VMwareESXi5.5|Redmine|Redis|nodejs|nginx|Nagios|MySQL|Munin|kubernetes|Jenkins|JavaScript|GitLab|Express|docker|ChatOps|AWS|Ansible|MySQL-MHA|Cacti|zabbix3.0|Percona,""
ID:1686さん,30代前半,0,HTML|CSS|C#|Visual|Studio|SQL|Server|TypeScript|jQuery|react.js|photoshop|JSON|illustrator,""
ID:1794さん,20代中盤,0,PHP|oracle|JavaScript|Backbone.js|Phal|Subv|Ap|spring|Java|GitHub|Git|aws-cli|AWS|Tom|Apa,""
ID:64さん,20代中盤,0,Yii|PHPUnit|PHP|MySQL|jQuery|JavaScript|C++|Apache|oracle,""
ID:196さん,30代中盤,0,Node.js|JavaScript|HTML|CSS|angular.js,""
ID:590さん,40代前半,0,spring|solr|hadoop|SQLServer|C#|.NET|Java|Elasticsearch,""
ID:624さん,40代前半,0,JavaScript|ionic|bootstrap|AngularJS|Python|Scrapy,""
ID:694さん,30代中盤,0,Java|Android|tornado|Python|Memcached|JSON|JavaScript|Flask|Unity3D|Unity2D|UniRx|CoffeeScript|cocos2d-JS|C#|golang|GAE|PHP|laravel|jQuery,""
ID:744さん,30代前半,0,VisualStudio|Objective-C|Java|iOS9|C++|C#|C|Android|SQLServer|ASP.NET,""
ID:826さん,20代後半,0,Java|OpenStreetMap|graphhopper,""
ID:886さん,30代後半,0,Yii|Slack|PhpStorm|PHP|onsenui|MySQL|monaca|JavaScript|backlog|Sencha|flash|CSS3|edge,""
ID:966さん,30代前半,0,solr|Seasar2|Redmine|oracle|Maven|Linux|jQuery|Jenkins|JavaScript|Java|Ajax|SAstruts|ActiveMQ|jp1|WordPress|scrum|PHP|MySQL|jira|confluence|AWS,""
ID:1040さん,20代後半,0,JavaEE|java8,""
ID:1322さん,30代前半,0,python3|Pycharm|oracle|MySQL|MacOSX|Linux|JavaScript|Git|fabric|es6|Django|WindowsServer2008|tableau|社内言語|社内開発フレームワーク,""
ID:1460さん,20代前半,0,NetBeans|JavaScript|HTML5|Excel|CSS3|VB.Net|oracle|.NETFramework|Visual|Studio|VB6|Java|HTML|Eclipse|Access|PL/SQL|OracleAPEX,""
ID:1590さん,20代後半,0,TypeScript|jQuery|C#|ASP.NET_MVC|Knockout|Knockout-ES5|moment.js|jasmine|Angular2,""
ID:136さん,20代後半,0,spray|Scala|Redis|AWS|DynamoDB,""
ID:448さん,40代前半,0,vmware|svn|sed|MySQL|Linux|JMeter|Bash|awk|RDPツール|VMwareESXi|TRADOS|textエディタ|UNIX|Swift|shell|jp1|ERP|XML|JavaScript|HTML|CSS|EpicEditor|XSLT|XSL-FO,""
ID:540さん,20代後半,0,Ruby|RSpec|Redis|Rails4|MySQL|jQuery|JavaScript|Rails5,""
ID:628さん,40代前半,0,Swift|Slack|Objective-C|Java|iOS|iBeacon|GitHub|BLE|Android|RxSwift|RxAndroid|AndroidStudio|Xcode|chatwork|Unity|svn|Eclipse,""
ID:750さん,40代中盤,0,scikit-learn|Python|numpy|GPGPU|CUDA|C++,""
ID:1116さん,20代後半,0,unity5|openFrameworks|OpenCV|Arduino|測域センサ|距離センサ|マイク入力|プロジェクションマッピング|LTC|DMX|UDP|OculusRift|KinectV2|Ovrvision|FinalIK|LeapMotion(Orion)|心電センサ|ZigBeeモジュール|ソレノイドバルブ|ポンプ|PostgreSQL|PHP|Linux|JavaScript|HTML|CSS|CentOS,""
ID:1192さん,20代後半,0,Subversion|Makefile|Cygwin|C++|C|Mantis|Assembler|Ubuntu|Redmine|Java|Excel|Emacs|Eclipse|Android|Vim|Git|AndroidStudio|WPF|Python|GAE|C#|.NETFramework|WCF,""
ID:1320さん,30代後半,0,WPF|C#|ASP.NET_MVC|PHP|BML|jQuery,""
ID:1412さん,30代中盤,0,Symfony|PHP|jQuery|JavaScript|Cucumber|knockoutjs,""
ID:1474さん,30代前半,0,ActiveDirectory|Windowsserver|VMwareESXi5.5|Redmine|Redis|nodejs|nginx|Nagios|MySQL|Munin|kubernetes|Jenkins|JavaScript|GitLab|Express|docker|ChatOps|AWS|Ansible|MySQL-MHA|Cacti|zabbix3.0|Percona,""
ID:1686さん,30代前半,0,HTML|CSS|C#|Visual|Studio|SQL|Server|TypeScript|jQuery|react.js|photoshop|JSON|illustrator,""
ID:1794さん,20代中盤,0,PHP|oracle|JavaScript|Backbone.js|Phal|Subv|Ap|spring|Java|GitHub|Git|aws-cli|AWS|Tom|Apa,""
ID:64さん,20代中盤,0,Yii|PHPUnit|PHP|MySQL|jQuery|JavaScript|C++|Apache|oracle,""
ID:196さん,30代中盤,0,Node.js|JavaScript|HTML|CSS|angular.js,""
ID:590さん,40代前半,0,spring|solr|hadoop|SQLServer|C#|.NET|Java|Elasticsearch,""
ID:624さん,40代前半,0,JavaScript|ionic|bootstrap|AngularJS|Python|Scrapy,""
ID:694さん,30代中盤,0,Java|Android|tornado|Python|Memcached|JSON|JavaScript|Flask|Unity3D|Unity2D|UniRx|CoffeeScript|cocos2d-JS|C#|golang|GAE|PHP|laravel|jQuery,""
ID:744さん,30代前半,0,VisualStudio|Objective-C|Java|iOS9|C++|C#|C|Android|SQLServer|ASP.NET,""
ID:826さん,20代後半,0,Java|OpenStreetMap|graphhopper,""
ID:886さん,30代後半,0,Yii|Slack|PhpStorm|PHP|onsenui|MySQL|monaca|JavaScript|backlog|Sencha|flash|CSS3|edge,""
ID:966さん,30代前半,0,solr|Seasar2|Redmine|oracle|Maven|Linux|jQuery|Jenkins|JavaScript|Java|Ajax|SAstruts|ActiveMQ|jp1|WordPress|scrum|PHP|MySQL|jira|confluence|AWS,""
ID:1040さん,20代後半,0,JavaEE|java8,""
ID:1322さん,30代前半,0,python3|Pycharm|oracle|MySQL|MacOSX|Linux|JavaScript|Git|fabric|es6|Django|WindowsServer2008|tableau|社内言語|社内開発フレームワーク,""
ID:1460さん,20代前半,0,NetBeans|JavaScript|HTML5|Excel|CSS3|VB.Net|oracle|.NETFramework|Visual|Studio|VB6|Java|HTML|Eclipse|Access|PL/SQL|OracleAPEX,""
ID:1590さん,20代後半,0,TypeScript|jQuery|C#|ASP.NET_MVC|Knockout|Knockout-ES5|moment.js|jasmine|Angular2,""
ID:136さん,20代後半,0,spray|Scala|Redis|AWS|DynamoDB,""
ID:448さん,40代前半,0,vmware|svn|sed|MySQL|Linux|JMeter|Bash|awk|RDPツール|VMwareESXi|TRADOS|textエディタ|UNIX|Swift|shell|jp1|ERP|XML|JavaScript|HTML|CSS|EpicEditor|XSLT|XSL-FO,""
ID:540さん,20代後半,0,Ruby|RSpec|Redis|Rails4|MySQL|jQuery|JavaScript|Rails5,""
ID:628さん,40代前半,0,Swift|Slack|Objective-C|Java|iOS|iBeacon|GitHub|BLE|Android|RxSwift|RxAndroid|AndroidStudio|Xcode|chatwork|Unity|svn|Eclipse,""
ID:750さん,40代中盤,0,scikit-learn|Python|numpy|GPGPU|CUDA|C++,""
ID:832さん,30代中盤,0,C++|C#|C|Toppers(組み込みOS)|Z-stack(ZigBee)|V850アセンブラ|Mathematica|R言語|cUnit|Objective-C|Jenkins|CocoaPods|FMDB|AFNetworking|Ruby/sinatra|GHUnit|Java/Android|Swift2|spring|Scala|PlayFramework|Java|iOS|AngularJS|SAstruts|Ruby/Capybara,""
ID:974さん,30代中盤,0,Python|JavaScript|GoogleAppEngine|Django|dojo|solr|PHP|MySQL|grunt|Slack|googlecomputeengine|GoogleAnalytics|GAE|Elasticsearch|CircleCI|bigquery|angular.js,""
ID:1058さん,30代前半,0,Struts|PostgreSQL|PHP|Java|oracle|SAstruts,""
ID:1128さん,20代後半,0,機械学習|人工知能|Python|OpenCV|matlab|DeepLearning|コンピュータビジョン|画像認識|コンピュータグラフィクス,""
ID:1214さん,20代後半,0,Windows|solr|Memcached|jQuery|JMeter|Jenkins|iOS|C#|ASP.NET|AngularJS|Android|SQL|Server|windows|server|VB.Net,""
ID:1258さん,30代前半,0,Ruby|PHP|AWS|SAML|SSO|Python|api,""
ID:1710さん,40代中盤,0,SQLite3|Ruby|PHP|MySQL|Memcached|Elasticsearch|CentOS|Apache|TokyoTyrant|Crawler|Java|iOS|Android,""
ID:1080さん,20代後半,0,VB.Net|svn|oracle|Linux|Java|Ajax|Windowsserver|JAXB|DataBinding|WindowsAzure|TwitterBootstrap|Redmine|PHP|MySQL|Git|CentOS|CakePHP|csv|ZendFramework|PostgreSQL|JavaScript,""
