name,count(*)
PHP,107
MySQL,106
Java,97
JavaScript,95
Rails,89
AWS,77
Redis,60
Ruby,59
jQuery,56
HTML5,53
Python,43
nginx,43
Apache,41
C#,39
Objective-C,38
Memcached,35
Linux,35
Jenkins,35
Git,35
PostgreSQL,34
CentOS,33
Android,32
C++,31
oracle,29
angular.js,28
Perl,27
iOS,27
Node.js,26
GitHub,24
on,23
Elasticsearch,22
CSS,22
Ansible,21
Windowsserver,20
SQL,20
spring,20
Eclipse,20
EC2,20
S3,19
React,19
solr,18
Redmine,18
Swift,17
Slack,17
Go,17
C,17
docker,16
CSS3,16
RDS,15
CoffeeScript,15
capistrano,15
CakePHP,15
Symfony,14
fluentd,14
Xcode,13
Tomcat,13
svn,13
SQLServer,13
MongoDB,13
Server,12
gulp,12
bootstrap,12
Backbone.js,12
.NETFramework,12
Visual,11
Subversion,11
Studio,11
Scala,11
Sass,11
RSpec,11
GitLab,11
ASP.NET,11
AndroidStudio,11
ZendFramework,10
FuelPHP,10
chef,10
zabbix,9
Windows,9
VisualStudio,9
Swift2,9
ShellScript,9
laravel,9
grunt,9
DynamoDB,9
Bash,9
vue.js,8
VB.Net,8
vagrant,8
sqlite,8
Play2,8
IIS,8
Heroku,8
Express,8
bitbucket,8
bigquery,8
backlog,8
ASP.NET_MVC,8
Vim,7
unicorn,7
Ubuntu,7
TypeScript,7
Seasar2,7
jira,7
hive,7
es6,7
ElasticLoadBarancer,7
Django,7
CodeIgniter,7
CircleCI,7
Ajax,7
WordPress,6
websocket,6
Unity,6
spring-boot,6
Smarty,6
scrum,6
SAstruts,6
RESTful,6
JSON,6
hadoop,6
GoogleAnalytics,6
Cordova,6
aws-cli,6
Vmware,5
VBScript,5
Terraform,5
slim,5
photoshop,5
mariadb,5
lambda,5
kibana,5
JUnit,5
jp1,5
JMeter,5
ionic,5
illustrator,5
Hubot,5
flash,5
Excel,5
Elasticache,5
cocos2d-x,5
CocoaPods,5
babel,5
Azure,5
ATOM,5
機械学習,4
VBA,4
VB6,4
unity5,4
Unity3D,4
Trello,4
TokyoTyrant,4
TCP/IP,4
sqs,4
SourceTree,4
Socket.io,4
sketch,4
shell,4
scss,4
scikit-learn,4
route53,4
Revel,4
redux,4
R,4
prototypejs,4
PHPUnit,4
PhpStorm,4
opsworks,4
OpenCV,4
onsenui,4
NetBeans,4
Nagios,4
mocha,4
Mackerel,4
knockoutjs,4
JAX-RS,4
IntelliJ,4
haproxy,4
GitBucket,4
DB2,4
confluence,4
CloudWatch,4
CloudSearch,4
CloudFormation,4
chatwork,4
Cacti,4
browserify,4
awk,4
Aurora,4
ActiveDirectory,4
.NET,4
Yii,3
WPF,3
webpack,3
WebAPI,3
VMwareESXi,3
Underscore.js,3
TwitterBootstrap,3
TreasureData,3
tableau,3
struts2,3
Solaris,3
Silverlight,3
SEO,3
sendmail,3
Salesforce,3
redshift,3
postfix,3
PhantomJS,3
npm,3
newrelic,3
Munin,3
Maven,3
matlab,3
MacOSX,3
Kotlin,3
keepalived,3
jsonschema,3
jQueryMobile,3
JavaEE,3
itamae,3
ImageMagick,3
iBeacon,3
haml,3
Groovy,3
GoogleMapsAPI,3
GoogleBigQuery,3
GoogleAppEngine,3
gcp,3
GAE,3
Flex,3
fabric,3
ESXi,3
Erlang,3
EntityFramework,3
Electron,3
d3.js,3
CloudFront,3
ChatOps,3
boost,3
aws-ec2,3
api,3
AmazonLinux,3
Akamai,3
agile,3
ActiveMQ,3
ActionScript3,3
人工知能,2
画像認識,2
スクラム,2
コンピュータビジョン,2
Xen,2
wowza,2
WindowsCE,2
WindowsAzure,2
Win32API,2
WebStorm,2
WebDriver,2
WAF,2
UNIX,2
Unity2D,2
UDP,2
Titanium,2
Terasoluna,2
TDD,2
TCP,2
SybaseIQ,2
SublimeText,2
stylus,2
StackExchange.Redis,2
spray,2
SNS,2
Sinatra,2
SES,2
serverspec,2
Selenium2,2
Selenium,2
SAML,2
RxSwift,2
RequireJS,2
Realm,2
reactnative,2
RaspberryPi,2
RabbitMQ,2
pukiwiki,2
PowerShell,2
PostCSS,2
PhoneGap,2
packer,2
pacemaker,2
oracl,2
openFrameworks,2
OAuth,2
numpy,2
Network,2
MVC.NET,2
mroonga,2
Mercurial,2
MachineLearning,2
Mac,2
Lua,2
LoDash,2
LINQ,2
less,2
KVM,2
Kinesis,2
JSP,2
jetty,2
jersey,2
JAXB,2
Java/Android,2
jasmine,2
Jade,2
iBatis,2
IAM,2
Hyper-V,2
HTTP,2
HLS,2
Hibernate,2
Haxe,2
Haskell,2
grape,2
googlecomputeengine,2
GoogleCloudPlatform,2
googleapi,2
git-svn,2
freemarker,2
Flask,2
Fitnesse,2
ffmpeg,2
Facebook,2
ES2015,2
Emacs,2
elasticsearch-kibana,2
ElasticBeanstalk,2
ECMAScript6,2
docker-compose,2
dns,2
Delphi,2
DeepLearning,2
dapper,2
CreateJS,2
ClosureLibrary,2
Cisco,2
Cassandra,2
casperJs,2
Capybara,2
brew,2
bower,2
bluetooth,2
BLE,2
backup,2
AzureSQLDatabase,2
aws-rds,2
aws-elaticache,2
ASP,2
ARM,2
arcserve,2
APIGateway,2
APC,2
Akka,2
aerospike,2
Access,2
法人用スイッチ,1
負荷分散処理,1
測域センサ,1
専用線,1
心電センサ,1
信号処理,1
上に同じ,1
社内言語,1
社内開発フレームワーク,1
自社フレームワーク,1
自社db,1
国産クラウド,1
顧客標準を使用,1
決済,1
距離センサ,1
関数型言語,1
絵文字,1
画像処理,1
音声処理,1
リアルタイムソフト（ミドルウェア）,1
マイク入力,1
ポンプ,1
プロジェクト１のフェーズ２,1
プロジェクト1とほぼ変わらず,1
プロジェクションマッピング,1
ビットコイン,1
ビッチキャッシュ決済,1
パトロールクラリス,1
デジタル画像合成,1
ソレノイドバルブ,1
ソケット通信,1
スクレイピング,1
コンピュータグラフィクス,1
クレジットカード決済,1
キャリア決済,1
ウイルスバスターコーポレートエディション,1
インフラ全般,1
アジャイル,1
Zsh,1
ZooKeeper,1
ZigBeeモジュール,1
Z-stack(ZigBee),1
YOLP,1
XSLT,1
XSL-FO,1
XS,1
XP,1
XML,1
Xaml,1
Xamarin,1
Word,1
Wireshark,1
winscp,1
wincvs,1
Wicket,1
wercker,1
WebSphere,1
Websphe,1
WebRTC,1
WebLogic,1
WCF,1
VyOS,1
VSTS,1
VSS,1
VPN,1
vpc,1
Visualforce,1
VisualBasic,1
virtualPC,1
virtualenv,1
VirtualDom,1
VirtualBox,1
Velocity,1
Vegeta,1
VB,1
Varnish,1
V850アセンブラ,1
uwsgi,1
UPnP,1
UniRx,1
uGUI,1
twilio,1
twig,1
Tuxedo,1
TRADOS,1
tornado,1
Toppers(組み込みOS),1
Tom,1
tivoli,1
textエディタ,1
Test::More,1
tesseract-OCR,1
Terminal,1
teraterm,1
terapad,1
TensorFlow,1
teeda,1
TeamCity,1
tcpdump,1
Syslog,1
Symfony2,1
Symantec,1
sybase,1
swagger,1
SublimeText3,1
Struts,1
stretcher,1
statistics,1
SSO,1
SSMS,1
Ssl,1
squid,1
SPSSModeler,1
Spring-Integration,1
spock,1
Sphinx,1
Spark,1
SolidWorks,1
SoftLayer,1
SOAP,1
SMO,1
SMARTEAM,1
Sliverlight,1
slick,1
SkinnyORM,1
sitecore,1
Silex,1
Sikuli,1
Sidekiq,1
Shutdown,1
SharepointOnline,1
SharePoint,1
servant,1
Sensu,1
SendGrid,1
Sencha,1
SeleniumIDE,1
SeleniumGrid,1
sed,1
Security,1
Scrapy,1
scraping,1
scipy,1
ScalikeJDBC,1
SauceLabs,1
SAP,1
samba,1
SalaTest,1
Sails,1
RxAndroid,1
Rx,1
Rundeck,1
RubyMine,1
Ruby/sinatra,1
Ruby/Capybara,1
RuboCop,1
rtx1200,1
RS232-C,1
riak,1
reveal.js,1
ReSharper,1
Reports,1
RDPツール,1
RAML,1
rack,1
Qiita:Team,1
QGIS,1
qemu,1
Pycharm,1
pxe,1
Purchase,1
Pub/SubServer,1
protobuf,1
Primus.IO,1
PRIMERGYRX200S7,1
Presto,1
ppp,1
Powershell-DSC,1
PowerDNS,1
PowerCMS,1
PowerChute,1
PowerBI,1
power-assert,1
pound,1
PLC通信,1
PlayReadyDRM,1
plack,1
PL/SQL,1
PivotalTracker,1
pip,1
phina.js,1
phalconphp,1
Phalcon,1
Phal,1
pex.js,1
Perforce,1
Percona,1
pentaho,1
PDO,1
PDA,1
passenger,1
Parallels,1
PagerDuty,1
PA,1
Ovrvision,1
OracleAPEX,1
OpenVZ,1
Openvpn,1
OpenStreetMap,1
openstack,1
OpenResty,1
OpenLDAP,1
OpenAM,1
OPCEL,1
office365,1
OculusRift,1
Octave,1
Object,1
o2o,1
NVelocity,1
NLP,1
NLog,1
NinjaWebFramework,1
NiftyCloud,1
nfs,1
NFC,1
Netteza,1
Nessus,1
neo4j,1
MySQL-MHA,1
MS-DOS,1
mrtg,1
MovableType,1
monit,1
monaca,1
moment.js,1
Mithril.js,1
MiracleLinux,1
MFC,1
MessagePack,1
mecab,1
mBaas,1
Mathematica,1
MaterialDesign,1
Marionette.js,1
Mantis,1
ManifoldCF,1
Makefile,1
lvm,1
LTC,1
Lightning,1
libvirt,1
LeapMotion(Orion),1
LDAP,1
LAMP,1
KVS,1
kumofs,1
kubernetes,1
kohana,1
Knockout-ES5,1
KinectV2,1
Kinect,1
kernel,1
kdump,1
justware,1
JSON.NET,1
jsf,1
JSDoc3,1
JRuby,1
jquer,1
JNI,1
Jil,1
jCanvas,1
JavaFX,1
Java/MobileProfile,1
James,1
iTerm2,1
iptables,1
iPhone,1
iomemory,1
InternetExplorer,1
In-App,1
impala,1
IEEE,1
hivemall,1
hipchat,1
highcharts,1
HBase,1
hartbeat,1
hardware,1
Handlebars,1
hack,1
H8マイコン,1
H.264,1
graphhopper,1
GPGPU,1
GoogleTagManager,1
GoogleCloudStorage,1
GoogleAppsScript,1
GlusterFS,1
Glimpse,1
glassfish,1
GHUnit,1
ghost,1
geo,1
Genymotion,1
Geb,1
ganglia,1
fulCalendar,1
FreeBSD,1
Framework7,1
Fortran,1
FortiGate,1
Forms,1
FMDB,1
flux,1
fireworks,1
Firebase,1
FinalIK,1
Fiddler,1
FFFTP,1
fastlane,1
FactoryGirl,1
ExtJS,1
exping,1
exchangeserver,1
ExcelVBA,1
ethna,1
ESP,1
ESLint,1
esa.io,1
ERP,1
EpicEditor,1
Embulk,1
Elixir,1
eginx,1
EFO,1
edge,1
ECMAScript,1
Ecli,1
EC-CUBE,1
drbd,1
dojo,1
DMX,1
DMS,1
DLNA,1
DirectConnect,1
DI/O通信,1
devops,1
DeployGate,1
DeepSecurity,1
Debian,1
DBUnit,1
DBFlute,1
DB,1
Datadog,1
DataBinding,1
C言語,1
Cygwin,1
CxSparse,1
cUnit,1
CUDA,1
Cucumber,1
csv,1
Crystal,1
cron,1
Crawler,1
Crashlytics,1
crash,1
CPAN,1
COSMOSWORKS,1
CoreData,1
consul,1
ConsolidatedBilling,1
Conoha,1
Compass,1
common-lisp,1
coda,1
cocos2d-JS,1
COBOL,1
CloudTrail,1
CiscoASA5500,1
CI,1
checkpoint,1
chart.js,1
Ceph,1
CapeJS,1
canvas,1
Browser,1
Brackets,1
bookmarklet,1
BML,1
Bitbu,1
beacon,1
BDD,1
BackupExec,1
AzureMobileService,1
AzureCache(Redis),1
AWT,1
AWSConfig,1
AWS-SDK,1
aws-route53,1
aws-rds-aurora,1
aws-cloudfront,1
aws-cloudformation,1
awesomefont,1
ava,1
astah,1
Assembler,1
as3,1
Arduino,1
AppCode,1
App::Koyomi,1
Apex,1
ApachePassenger,1
ApacheBench,1
apache-mod_php,1
Apa,1
Ap,1
animation,1
Angular2,1
analytics,1
Amon2,1
AIX,1
AIR,1
AFNetworking,1
AdoNetProfiler,1
AdobeFMS,1
68000アセンブラ,1
486アセンブラ,1
.NETCompactFramework,1
754,1
